date,Ni_pop_<5,Ni_pop_5-14,Ni_pop_15-24,Ni_pop_25-34,Ni_pop_35-44,Ni_pop_45-54,Ni_pop_55-64,Ni_pop_65-74,Ni_pop_75-84,Ni_pop_>84,Ni_inf_<5,Ni_inf_5-14,Ni_inf_15-24,Ni_inf_25-34,Ni_inf_35-44,Ni_inf_45-54,Ni_inf_55-64,Ni_inf_65-74,Ni_inf_75-84,Ni_inf_>84,Ni_dea_<5,Ni_dea_5-14,Ni_dea_15-24,Ni_dea_25-34,Ni_dea_35-44,Ni_dea_45-54,Ni_dea_55-64,Ni_dea_65-74,Ni_dea_75-84,Ni_dea_>84
2021/03/29,78846,164433,173075,197129,213491,266068,249406,166804,129384,45651,810,7150,12706,12946,13175,16379,12594,6016,5049,2990,0,0,1,1,5,21,66,177,476,613
2021/03/28,78846,164433,173075,197129,213491,266068,249406,166804,129384,45651,801,7080,12605,12843,13073,16238,12502,5973,5024,2981,0,0,1,1,5,20,66,177,476,613
2021/03/27,78846,164433,173075,197129,213491,266068,249406,166804,129384,45651,794,7034,12527,12768,12995,16153,12439,5944,4995,2967,0,0,1,1,5,20,66,177,474,611
2021/03/26,78846,164433,173075,197129,213491,266068,249406,166804,129384,45651,786,6942,12390,12650,12876,16028,12331,5906,4965,2955,0,0,1,1,5,20,66,177,472,610
2021/03/25,78846,164433,173075,197129,213491,266068,249406,166804,129384,45651,773,6838,12243,12524,12778,15890,12256,5867,4935,2950,0,0,1,1,5,20,66,177,472,609
2021/03/24,78846,164433,173075,197129,213491,266068,249406,166804,129384,45651,761,6781,12159,12446,12679,15797,12179,5846,4906,2934,0,0,1,1,5,20,66,176,472,608
2021/03/23,78846,164433,173075,197129,213491,266068,249406,166804,129384,45651,747,6685,12034,12354,12574,15686,12110,5811,4872,2927,0,0,1,1,5,19,65,175,471,607
2021/03/22,78846,164433,173075,197129,213491,266068,249406,166804,129384,45651,732,6598,11916,12246,12463,15543,12018,5774,4844,2918,0,0,1,1,5,19,65,174,469,605
2021/03/21,78846,164433,173075,197129,213491,266068,249406,166804,129384,45651,728,6546,11844,12179,12393,15459,11952,5746,4829,2910,0,0,1,1,5,19,65,173,469,603
2021/03/20,78846,164433,173075,197129,213491,266068,249406,166804,129384,45651,718,6454,11753,12100,12304,15350,11865,5705,4806,2903,0,0,1,1,5,19,65,173,465,597
2021/03/19,78846,164433,173075,197129,213491,266068,249406,166804,129384,45651,704,6352,11598,11968,12121,15169,11729,5654,4771,2882,0,0,1,1,5,19,64,173,465,596
2021/03/18,78846,164433,173075,197129,213491,266068,249406,166804,129384,45651,691,6259,11497,11858,12028,15052,11641,5617,4743,2875,0,0,1,1,5,19,64,173,464,594
2021/03/17,78846,164433,173075,197129,213491,266068,249406,166804,129384,45651,674,6161,11391,11749,11911,14951,11558,5578,4728,2867,0,0,1,1,5,19,64,173,464,587
2021/03/16,78846,164433,173075,197129,213491,266068,249406,166804,129384,45651,666,6079,11277,11644,11809,14820,11482,5540,4706,2858,0,0,1,1,5,19,64,172,462,582
2021/03/15,78846,164433,173075,197129,213491,266068,249406,166804,129384,45651,662,6043,11222,11594,11757,14747,11424,5509,4675,2847,0,0,1,1,5,19,64,171,462,582
2021/03/14,78846,164433,173075,197129,213491,266068,249406,166804,129384,45651,661,6029,11189,11563,11725,14713,11392,5493,4668,2839,0,0,1,1,5,19,62,170,462,580
2021/03/13,78846,164433,173075,197129,213491,266068,249406,166804,129384,45651,649,5922,11100,11480,11631,14609,11318,5454,4654,2830,0,0,1,1,5,19,61,170,460,576
2021/03/12,78846,164433,173075,197129,213491,266068,249406,166804,129384,45651,630,5812,10947,11357,11497,14459,11212,5417,4644,2823,0,0,1,1,5,19,61,170,460,576
2021/03/11,78846,164433,173075,197129,213491,266068,249406,166804,129384,45651,624,5731,10844,11283,11403,14371,11148,5391,4635,2805,0,0,1,1,5,19,61,170,459,574
2021/03/10,78846,164433,173075,197129,213491,266068,249406,166804,129384,45651,615,5650,10762,11192,11322,14285,11058,5359,4618,2802,0,0,1,1,5,19,61,170,456,573
2021/03/09,78846,164433,173075,197129,213491,266068,249406,166804,129384,45651,605,5584,10682,11113,11253,14178,10995,5324,4593,2788,0,0,1,1,5,19,61,170,456,570
2021/03/08,78846,164433,173075,197129,213491,266068,249406,166804,129384,45651,601,5517,10611,11037,11187,14081,10945,5300,4570,2778,0,0,1,1,5,19,61,170,454,569
2021/03/07,78846,164433,173075,197129,213491,266068,249406,166804,129384,45651,596,5464,10547,10986,11125,14026,10881,5270,4553,2769,0,0,1,1,5,19,61,168,453,568
2021/03/06,78846,164433,173075,197129,213491,266068,249406,166804,129384,45651,580,5400,10490,10908,11039,13930,10805,5247,4534,2764,0,0,1,1,5,19,61,168,452,568
2021/03/05,78846,164433,173075,197129,213491,266068,249406,166804,129384,45651,564,5293,10390,10800,10923,13809,10703,5220,4515,2749,0,0,1,1,5,19,59,167,449,568
2021/03/04,78846,164433,173075,197129,213491,266068,249406,166804,129384,45651,556,5242,10339,10746,10868,13755,10643,5189,4500,2736,0,0,1,1,5,19,59,166,448,567
2021/03/03,78846,164433,173075,197129,213491,266068,249406,166804,129384,45651,546,5167,10276,10672,10788,13658,10586,5163,4480,2727,0,0,1,1,5,19,59,165,447,565
2021/03/02,78846,164433,173075,197129,213491,266068,249406,166804,129384,45651,536,5093,10196,10576,10682,13590,10530,5136,4454,2719,0,0,1,1,5,19,58,165,446,565
2021/03/01,78846,164433,173075,197129,213491,266068,249406,166804,129384,45651,522,5003,10130,10471,10568,13497,10446,5102,4431,2713,0,0,1,1,5,19,58,164,443,561
2021/02/28,78846,164433,173075,197129,213491,266068,249406,166804,129384,45651,518,4976,10112,10454,10550,13471,10425,5092,4419,2713,0,0,1,1,5,19,58,164,442,559
2021/02/27,78846,164433,173075,197129,213491,266068,249406,166804,129384,45651,503,4883,10000,10356,10420,13342,10350,5064,4393,2700,0,0,1,1,5,19,58,163,442,557
2021/02/26,78846,164433,173075,197129,213491,266068,249406,166804,129384,45651,489,4824,9932,10280,10325,13252,10289,5037,4371,2684,0,0,1,1,5,19,58,162,441,556
2021/02/25,78846,164433,173075,197129,213491,266068,249406,166804,129384,45651,480,4755,9888,10231,10232,13178,10248,5009,4358,2674,0,0,1,1,4,19,57,162,441,554
2021/02/24,78846,164433,173075,197129,213491,266068,249406,166804,129384,45651,464,4686,9826,10155,10131,13095,10188,4990,4348,2663,0,0,1,1,4,19,57,162,440,553
2021/02/23,78846,164433,173075,197129,213491,266068,249406,166804,129384,45651,453,4613,9777,10104,10068,13028,10143,4963,4317,2656,0,0,1,1,4,19,57,162,438,550
2021/02/22,78846,164433,173075,197129,213491,266068,249406,166804,129384,45651,433,4527,9729,10051,10011,12968,10095,4934,4301,2646,0,0,1,1,4,19,57,162,436,547
2021/02/21,78846,164433,173075,197129,213491,266068,249406,166804,129384,45651,427,4486,9696,10017,9965,12920,10047,4915,4295,2643,0,0,1,1,4,19,56,161,431,544
2021/02/20,78846,164433,173075,197129,213491,266068,249406,166804,129384,45651,422,4423,9640,9949,9911,12840,9982,4889,4288,2631,0,0,1,1,4,19,56,161,430,543
2021/02/19,78846,164433,173075,197129,213491,266068,249406,166804,129384,45651,414,4358,9552,9891,9842,12753,9907,4846,4260,2612,0,0,1,1,4,19,56,161,430,543
2021/02/18,78846,164433,173075,197129,213491,266068,249406,166804,129384,45651,411,4298,9504,9848,9790,12675,9864,4823,4235,2605,0,0,1,0,4,19,56,161,428,542
2021/02/17,78846,164433,173075,197129,213491,266068,249406,166804,129384,45651,405,4247,9451,9791,9708,12603,9794,4794,4208,2595,0,0,1,0,4,19,56,161,427,542
2021/02/16,78846,164433,173075,197129,213491,266068,249406,166804,129384,45651,395,4204,9415,9748,9667,12550,9767,4773,4188,2574,0,0,1,0,4,19,55,160,427,542
2021/02/15,78846,164433,173075,197129,213491,266068,249406,166804,129384,45651,389,4168,9386,9717,9628,12520,9734,4764,4176,2563,0,0,1,0,4,19,54,159,426,538
2021/02/14,78846,164433,173075,197129,213491,266068,249406,166804,129384,45651,387,4149,9358,9696,9594,12474,9690,4749,4166,2555,0,0,1,0,4,19,54,159,423,536
2021/02/13,78846,164433,173075,197129,213491,266068,249406,166804,129384,45651,384,4134,9330,9656,9558,12427,9644,4737,4157,2548,0,0,1,0,4,19,54,158,423,536
2021/02/12,78846,164433,173075,197129,213491,266068,249406,166804,129384,45651,382,4110,9277,9609,9516,12358,9608,4716,4147,2531,0,0,1,0,4,19,53,157,422,534
2021/02/11,78846,164433,173075,197129,213491,266068,249406,166804,129384,45651,375,4072,9219,9569,9470,12299,9573,4709,4133,2523,0,0,1,0,4,19,53,157,421,533
2021/02/10,78846,164433,173075,197129,213491,266068,249406,166804,129384,45651,365,4038,9162,9514,9414,12226,9522,4686,4123,2519,0,0,1,0,4,19,53,157,418,533
2021/02/09,78846,164433,173075,197129,213491,266068,249406,166804,129384,45651,363,4013,9112,9465,9365,12187,9479,4665,4103,2500,0,0,1,0,4,19,53,156,417,530
2021/02/08,78846,164433,173075,197129,213491,266068,249406,166804,129384,45651,362,3992,9089,9431,9335,12132,9433,4648,4096,2497,0,0,1,0,4,19,52,154,416,524
2021/02/07,78846,164433,173075,197129,213491,266068,249406,166804,129384,45651,356,3969,9062,9410,9300,12100,9416,4635,4085,2499,0,0,1,0,4,19,52,154,412,521
2021/02/06,78846,164433,173075,197129,213491,266068,249406,166804,129384,45651,355,3936,9030,9373,9253,12052,9371,4622,4067,2487,0,0,1,0,4,19,51,154,409,516
2021/02/05,78846,164433,173075,197129,213491,266068,249406,166804,129384,45651,350,3918,8999,9329,9212,11996,9326,4604,4055,2477,0,0,1,0,4,19,51,154,408,514
2021/02/04,78846,164433,173075,197129,213491,266068,249406,166804,129384,45651,347,3897,8950,9290,9171,11941,9284,4584,4035,2461,0,0,1,0,4,19,51,151,407,513
2021/02/03,78846,164433,173075,197129,213491,266068,249406,166804,129384,45651,344,3883,8916,9246,9124,11883,9244,4564,4015,2454,0,0,1,0,4,19,51,151,406,511
2021/02/02,78846,164433,173075,197129,213491,266068,249406,166804,129384,45651,340,3869,8886,9204,9077,11829,9193,4543,3999,2446,0,0,1,0,4,19,49,149,404,511
2021/02/01,78846,164433,173075,197129,213491,266068,249406,166804,129384,45651,337,3855,8855,9181,9041,11792,9161,4522,3984,2439,0,0,1,0,4,18,49,147,404,509
2021/01/31,78846,164433,173075,197129,213491,266068,249406,166804,129384,45651,336,3847,8829,9164,9020,11775,9144,4513,3969,2433,0,0,1,0,4,18,49,146,401,505
2021/01/30,78846,164433,173075,197129,213491,266068,249406,166804,129384,45651,336,3833,8806,9141,8998,11738,9114,4495,3956,2422,0,0,1,0,4,18,49,146,401,504
2021/01/29,78846,164433,173075,197129,213491,266068,249406,166804,129384,45651,334,3822,8776,9104,8965,11683,9071,4470,3938,2410,0,0,1,0,4,18,49,146,400,503
2021/01/28,78846,164433,173075,197129,213491,266068,249406,166804,129384,45651,334,3803,8738,9052,8921,11646,9029,4448,3914,2391,0,0,1,0,4,17,49,146,399,496
2021/01/27,78846,164433,173075,197129,213491,266068,249406,166804,129384,45651,331,3792,8715,9023,8896,11602,8999,4435,3899,2385,0,0,1,0,4,17,49,145,397,494
2021/01/26,78846,164433,173075,197129,213491,266068,249406,166804,129384,45651,331,3776,8686,8975,8853,11559,8956,4419,3865,2361,0,0,1,0,4,17,48,145,393,493
2021/01/25,78846,164433,173075,197129,213491,266068,249406,166804,129384,45651,330,3754,8656,8934,8809,11511,8907,4401,3841,2347,0,0,1,0,4,17,48,145,390,491
2021/01/24,78846,164433,173075,197129,213491,266068,249406,166804,129384,45651,330,3743,8642,8916,8789,11498,8888,4391,3831,2340,0,0,1,0,4,16,46,145,388,484
2021/01/23,78846,164433,173075,197129,213491,266068,249406,166804,129384,45651,328,3727,8610,8870,8755,11463,8861,4373,3811,2333,0,0,1,0,4,16,46,144,386,482
2021/01/22,78846,164433,173075,197129,213491,266068,249406,166804,129384,45651,326,3715,8587,8831,8721,11430,8828,4360,3791,2315,0,0,1,0,4,16,45,144,383,480
2021/01/21,78846,164433,173075,197129,213491,266068,249406,166804,129384,45651,323,3698,8545,8802,8677,11382,8791,4349,3777,2302,0,0,1,0,4,16,44,140,377,477
2021/01/20,78846,164433,173075,197129,213491,266068,249406,166804,129384,45651,321,3678,8497,8763,8641,11321,8758,4335,3760,2285,0,0,1,0,4,16,43,139,371,468
2021/01/19,78846,164433,173075,197129,213491,266068,249406,166804,129384,45651,319,3659,8456,8735,8600,11262,8709,4318,3743,2266,0,0,1,0,4,16,44,140,369,464
2021/01/18,78846,164433,173075,197129,213491,266068,249406,166804,129384,45651,319,3629,8398,8675,8546,11184,8660,4289,3720,2254,0,0,1,0,4,15,44,138,366,464
2021/01/17,78846,164433,173075,197129,213491,266068,249406,166804,129384,45651,318,3614,8369,8650,8513,11117,8626,4273,3708,2248,0,0,1,0,4,15,44,138,365,457
2021/01/16,78846,164433,173075,197129,213491,266068,249406,166804,129384,45651,318,3602,8324,8619,8477,11065,8585,4248,3683,2230,0,0,1,0,4,15,43,134,356,449
2021/01/15,78846,164433,173075,197129,213491,266068,249406,166804,129384,45651,318,3584,8289,8564,8433,11009,8545,4234,3664,2220,0,0,1,0,4,15,43,134,355,446
2021/01/14,78846,164433,173075,197129,213491,266068,249406,166804,129384,45651,316,3562,8244,8514,8400,10963,8514,4213,3637,2203,0,0,1,0,4,15,43,134,352,442
2021/01/13,78846,164433,173075,197129,213491,266068,249406,166804,129384,45651,314,3544,8204,8478,8372,10918,8491,4202,3625,2195,0,0,1,0,4,15,43,134,351,441
2021/01/12,78846,164433,173075,197129,213491,266068,249406,166804,129384,45651,312,3529,8138,8422,8307,10821,8443,4171,3599,2159,0,0,1,0,4,15,43,134,347,437
2021/01/11,78846,164433,173075,197129,213491,266068,249406,166804,129384,45651,310,3512,8106,8386,8262,10759,8405,4153,3579,2145,0,0,1,0,4,15,43,133,338,426
2021/01/10,78846,164433,173075,197129,213491,266068,249406,166804,129384,45651,312,3487,8070,8331,8235,10715,8374,4130,3561,2134,0,0,1,0,4,15,42,132,332,417
2021/01/09,78846,164433,173075,197129,213491,266068,249406,166804,129384,45651,312,3473,8035,8304,8211,10678,8335,4106,3535,2107,0,0,1,0,4,15,42,132,332,416
2021/01/08,78846,164433,173075,197129,213491,266068,249406,166804,129384,45651,311,3436,7970,8234,8155,10574,8257,4074,3505,2087,0,0,1,0,4,15,42,132,328,413
2021/01/07,78846,164433,173075,197129,213491,266068,249406,166804,129384,45651,307,3424,7924,8199,8120,10532,8213,4040,3480,2071,0,0,1,0,4,14,42,132,325,410
2021/01/06,78846,164433,173075,197129,213491,266068,249406,166804,129384,45651,305,3400,7869,8134,8058,10461,8148,4007,3451,2057,0,0,1,0,4,14,41,131,320,406
2021/01/05,78846,164433,173075,197129,213491,266068,249406,166804,129384,45651,303,3383,7815,8068,8004,10385,8090,3978,3416,2025,0,0,1,0,4,14,41,129,315,401
2021/01/04,78846,164433,173075,197129,213491,266068,249406,166804,129384,45651,302,3361,7781,7999,7950,10323,8042,3964,3392,2011,0,0,1,0,4,13,41,128,312,396
2021/01/03,78846,164433,173075,197129,213491,266068,249406,166804,129384,45651,302,3336,7742,7943,7898,10266,7992,3929,3360,1981,0,0,1,0,4,13,40,127,304,393
2021/01/02,78846,164433,173075,197129,213491,266068,249406,166804,129384,45651,301,3314,7713,7897,7856,10225,7941,3912,3346,1967,0,0,1,0,4,13,40,127,303,391
2021/01/01,78846,164433,173075,197129,213491,266068,249406,166804,129384,45651,300,3292,7673,7850,7815,10190,7887,3882,3326,1951,0,0,1,0,4,13,40,127,302,390
2020/12/31,78846,164433,173075,197129,213491,266068,249406,166804,129384,45651,299,3275,7629,7804,7773,10115,7830,3861,3294,1928,0,0,1,0,4,13,40,126,300,388
2020/12/30,78846,164433,173075,197129,213491,266068,249406,166804,129384,45651,298,3251,7566,7741,7707,10046,7757,3828,3257,1915,0,0,1,0,4,13,39,125,297,384
2020/12/29,78846,164433,173075,197129,213491,266068,249406,166804,129384,45651,297,3221,7497,7657,7627,9960,7683,3790,3199,1869,0,0,1,0,4,13,40,124,296,382
2020/12/28,78846,164433,173075,197129,213491,266068,249406,166804,129384,45651,297,3207,7468,7624,7588,9913,7653,3779,3177,1862,0,0,1,0,4,13,40,123,291,370
2020/12/27,78846,164433,173075,197129,213491,266068,249406,166804,129384,45651,296,3174,7433,7579,7542,9863,7608,3757,3157,1853,0,0,1,0,4,13,39,121,286,360
2020/12/26,78846,164433,173075,197129,213491,266068,249406,166804,129384,45651,295,3146,7399,7532,7505,9818,7573,3740,3141,1842,0,0,1,0,4,13,39,120,286,358
2020/12/25,78846,164433,173075,197129,213491,266068,249406,166804,129384,45651,293,3131,7374,7505,7478,9784,7551,3728,3121,1837,0,0,1,0,4,13,39,118,284,354
2020/12/24,78846,164433,173075,197129,213491,266068,249406,166804,129384,45651,292,3105,7334,7472,7437,9722,7518,3696,3099,1817,0,0,1,0,4,13,39,118,281,349
2020/12/23,78846,164433,173075,197129,213491,266068,249406,166804,129384,45651,287,3080,7290,7409,7379,9635,7450,3663,3067,1798,0,0,1,0,4,13,39,118,279,348
2020/12/22,78846,164433,173075,197129,213491,266068,249406,166804,129384,45651,285,3047,7233,7329,7281,9541,7385,3629,3026,1764,0,0,0,0,4,13,38,113,271,327
2020/12/21,78846,164433,173075,197129,213491,266068,249406,166804,129384,45651,281,3012,7163,7245,7172,9439,7298,3586,2985,1741,0,0,0,0,4,12,37,112,258,315
2020/12/20,78846,164433,173075,197129,213491,266068,249406,166804,129384,45651,279,2981,7137,7207,7136,9409,7277,3577,2972,1743,0,0,0,0,4,12,36,110,256,310
2020/12/19,78846,164433,173075,197129,213491,266068,249406,166804,129384,45651,277,2955,7099,7153,7087,9355,7240,3559,2953,1724,0,0,0,0,4,12,36,108,256,309
2020/12/18,78846,164433,173075,197129,213491,266068,249406,166804,129384,45651,275,2935,7052,7110,7034,9297,7198,3532,2926,1698,0,0,0,0,4,11,36,106,255,306
2020/12/17,78846,164433,173075,197129,213491,266068,249406,166804,129384,45651,275,2903,7014,7070,6986,9239,7153,3502,2900,1656,0,0,0,0,4,11,34,105,248,300
2020/12/16,78846,164433,173075,197129,213491,266068,249406,166804,129384,45651,271,2861,6965,7020,6916,9166,7106,3471,2870,1620,0,0,0,0,4,11,34,104,247,295
2020/12/15,78846,164433,173075,197129,213491,266068,249406,166804,129384,45651,268,2815,6919,6982,6868,9093,7057,3435,2845,1594,0,0,0,0,4,11,34,103,242,292
2020/12/14,78846,164433,173075,197129,213491,266068,249406,166804,129384,45651,265,2772,6862,6918,6790,9030,6984,3398,2800,1577,0,0,0,0,4,11,34,100,236,287
2020/12/13,78846,164433,173075,197129,213491,266068,249406,166804,129384,45651,264,2760,6827,6873,6751,8976,6932,3366,2769,1577,0,0,0,0,4,11,34,99,227,282
2020/12/12,78846,164433,173075,197129,213491,266068,249406,166804,129384,45651,262,2730,6770,6806,6672,8901,6878,3327,2746,1538,0,0,0,0,4,11,34,98,221,281
2020/12/11,78846,164433,173075,197129,213491,266068,249406,166804,129384,45651,258,2702,6719,6746,6601,8826,6810,3294,2714,1518,0,0,0,0,4,11,31,98,217,278
2020/12/10,78846,164433,173075,197129,213491,266068,249406,166804,129384,45651,253,2667,6661,6681,6540,8723,6748,3252,2674,1466,0,0,0,0,4,11,30,97,214,275
2020/12/09,78846,164433,173075,197129,213491,266068,249406,166804,129384,45651,252,2632,6614,6639,6484,8666,6702,3234,2658,1460,1,0,0,0,4,11,29,96,213,267
2020/12/08,78846,164433,173075,197129,213491,266068,249406,166804,129384,45651,245,2585,6531,6576,6371,8562,6629,3212,2613,1399,0,0,0,0,4,10,29,95,207,262
2020/12/07,78846,164433,173075,197129,213491,266068,249406,166804,129384,45651,242,2562,6485,6525,6321,8497,6573,3187,2588,1388,0,0,0,0,3,10,29,89,203,256
2020/12/06,78846,164433,173075,197129,213491,266068,249406,166804,129384,45651,242,2509,6434,6459,6268,8421,6506,3167,2560,1379,0,0,0,0,3,10,28,86,203,251
2020/12/05,78846,164433,173075,197129,213491,266068,249406,166804,129384,45651,240,2478,6374,6387,6201,8308,6433,3138,2516,1348,0,0,0,0,2,9,28,86,200,247
2020/12/04,78846,164433,173075,197129,213491,266068,249406,166804,129384,45651,235,2441,6336,6326,6151,8231,6378,3109,2489,1322,0,0,0,0,2,9,28,86,196,245
2020/12/03,78846,164433,173075,197129,213491,266068,249406,166804,129384,45651,233,2393,6263,6244,6056,8117,6306,3073,2440,1281,0,0,0,0,2,9,28,84,188,241
2020/12/02,78846,164433,173075,197129,213491,266068,249406,166804,129384,45651,229,2367,6219,6173,5987,8035,6243,3046,2401,1241,0,0,0,0,2,8,28,84,181,232
2020/12/01,78846,164433,173075,197129,213491,266068,249406,166804,129384,45651,228,2329,6142,6103,5897,7919,6172,3004,2348,1206,0,0,0,0,2,7,25,78,166,212
2020/11/30,78846,164433,173075,197129,213491,266068,249406,166804,129384,45651,225,2283,6085,6029,5807,7792,6095,2967,2316,1194,0,0,0,0,2,5,20,60,137,179
2020/11/29,78846,164433,173075,197129,213491,266068,249406,166804,129384,45651,225,2234,6012,5957,5744,7709,6028,2952,2294,1177,0,0,0,0,2,5,20,56,134,176
2020/11/28,78846,164433,173075,197129,213491,266068,249406,166804,129384,45651,222,2178,5912,5869,5643,7582,5934,2913,2255,1157,0,0,0,0,2,5,20,54,132,171
2020/11/27,78846,164433,173075,197129,213491,266068,249406,166804,129384,45651,218,2131,5811,5787,5531,7458,5842,2874,2223,1121,0,0,0,0,2,5,20,53,131,170
2020/11/26,78846,164433,173075,197129,213491,266068,249406,166804,129384,45651,214,2083,5730,5690,5423,7338,5740,2835,2187,1099,0,0,0,0,2,4,17,51,128,161
2020/11/25,78846,164433,173075,197129,213491,266068,249406,166804,129384,45651,211,2030,5649,5582,5301,7208,5638,2782,2128,1067,0,0,0,0,2,3,15,48,116,145
2020/11/24,78846,164433,173075,197129,213491,266068,249406,166804,129384,45651,207,1995,5567,5488,5187,7074,5534,2723,2086,1043,0,0,0,0,2,3,15,46,110,137
2020/11/23,78846,164433,173075,197129,213491,266068,249406,166804,129384,45651,204,1956,5484,5396,5093,6975,5445,2687,2063,1025,0,0,0,0,2,3,15,46,108,129
2020/11/22,78846,164433,173075,197129,213491,266068,249406,166804,129384,45651,194,1924,5441,5343,5010,6897,5371,2665,2025,1012,0,0,0,0,2,3,15,46,102,122
2020/11/21,78846,164433,173075,197129,213491,266068,249406,166804,129384,45651,190,1873,5331,5239,4891,6733,5231,2606,1972,995,0,0,0,0,2,3,14,44,101,122
2020/11/20,78846,164433,173075,197129,213491,266068,249406,166804,129384,45651,184,1808,5189,5105,4738,6536,5087,2537,1896,944,0,0,0,0,2,3,14,44,99,122
2020/11/19,78846,164433,173075,197129,213491,266068,249406,166804,129384,45651,181,1734,5094,4967,4598,6346,4955,2469,1848,913,0,0,0,0,2,3,13,43,98,116
2020/11/18,78846,164433,173075,197129,213491,266068,249406,166804,129384,45651,177,1661,4983,4855,4459,6198,4837,2405,1801,890,0,0,0,0,2,3,11,42,86,102
2020/11/17,78846,164433,173075,197129,213491,266068,249406,166804,129384,45651,171,1596,4858,4671,4302,5969,4668,2327,1742,862,0,0,0,0,2,2,11,42,83,96
2020/11/16,78846,164433,173075,197129,213491,266068,249406,166804,129384,45651,166,1541,4759,4558,4168,5816,4563,2268,1685,828,0,0,0,0,2,2,12,41,82,93
2020/11/15,78846,164433,173075,197129,213491,266068,249406,166804,129384,45651,158,1472,4650,4430,4056,5675,4408,2220,1636,788,0,0,0,0,2,2,12,40,79,92
2020/11/14,78846,164433,173075,197129,213491,266068,249406,166804,129384,45651,156,1427,4516,4281,3918,5501,4262,2141,1575,768,0,0,0,0,2,2,12,38,72,81
2020/11/13,78846,164433,173075,197129,213491,266068,249406,166804,129384,45651,150,1385,4389,4150,3779,5328,4120,2064,1518,735,0,0,0,0,2,2,12,38,71,78
2020/11/12,78846,164433,173075,197129,213491,266068,249406,166804,129384,45651,148,1357,4282,4030,3650,5164,4001,2003,1470,704,0,0,0,0,2,2,12,38,64,77
2020/11/11,78846,164433,173075,197129,213491,266068,249406,166804,129384,45651,142,1286,4115,3840,3459,4928,3767,1887,1397,679,0,0,0,0,2,2,11,38,61,76
2020/11/10,78846,164433,173075,197129,213491,266068,249406,166804,129384,45651,138,1240,3957,3680,3302,4700,3563,1777,1321,654,0,0,0,0,2,2,11,38,60,72
2020/11/09,78846,164433,173075,197129,213491,266068,249406,166804,129384,45651,136,1219,3876,3587,3217,4546,3469,1720,1284,626,0,0,0,0,2,2,11,38,58,70
2020/11/08,78846,164433,173075,197129,213491,266068,249406,166804,129384,45651,133,1180,3736,3473,3107,4411,3331,1659,1242,617,0,0,0,0,2,2,11,38,57,70
2020/11/07,78846,164433,173075,197129,213491,266068,249406,166804,129384,45651,126,1133,3577,3340,2988,4235,3191,1587,1194,604,0,0,0,0,2,2,11,38,57,69
2020/11/06,78846,164433,173075,197129,213491,266068,249406,166804,129384,45651,117,1092,3395,3167,2841,4021,3006,1512,1129,586,0,0,0,0,2,2,10,38,56,68
2020/11/05,78846,164433,173075,197129,213491,266068,249406,166804,129384,45651,115,1056,3257,3001,2698,3830,2866,1430,1075,558,0,0,0,0,2,2,10,37,55,66
2020/11/04,78846,164433,173075,197129,213491,266068,249406,166804,129384,45651,113,1013,3091,2849,2547,3613,2716,1360,1027,537,0,0,0,0,2,2,10,37,54,65
2020/11/03,78846,164433,173075,197129,213491,266068,249406,166804,129384,45651,112,983,2938,2680,2413,3422,2533,1296,970,513,0,0,0,0,2,2,10,36,54,64
2020/11/02,78846,164433,173075,197129,213491,266068,249406,166804,129384,45651,109,951,2849,2582,2310,3271,2413,1245,929,497,0,0,0,0,2,2,10,36,53,64
2020/11/01,78719,163858,175645,197036,213501,271054,240451,165503,126554,45221,113,933,2717,2464,2224,3188,2365,1217,917,481,0,0,0,0,2,2,10,33,51,62
2020/10/31,78719,163858,175645,197036,213501,271054,240451,165503,126554,45221,109,898,2576,2365,2127,3055,2260,1165,890,466,0,0,0,0,2,2,10,33,50,62
2020/10/30,78719,163858,175645,197036,213501,271054,240451,165503,126554,45221,108,861,2445,2257,2020,2911,2141,1113,849,458,0,0,0,0,2,2,10,33,50,62
2020/10/29,78719,163858,175645,197036,213501,271054,240451,165503,126554,45221,104,809,2313,2138,1926,2760,2014,1045,791,437,0,0,0,0,2,2,10,32,50,62
2020/10/28,78719,163858,175645,197036,213501,271054,240451,165503,126554,45221,101,779,2232,2043,1839,2613,1922,984,741,403,0,0,0,0,2,2,10,32,50,60
2020/10/27,78719,163858,175645,197036,213501,271054,240451,165503,126554,45221,95,758,2157,1967,1762,2520,1842,927,706,385,0,0,0,0,2,2,10,31,47,59
2020/10/26,78719,163858,175645,197036,213501,271054,240451,165503,126554,45221,93,738,2116,1917,1732,2451,1802,902,681,365,0,0,0,0,2,2,10,30,45,59
2020/10/25,78719,163858,175645,197036,213501,271054,240451,165503,126554,45221,92,706,2061,1868,1686,2383,1739,861,659,358,0,0,0,0,2,2,10,30,44,59
2020/10/24,78719,163858,175645,197036,213501,271054,240451,165503,126554,45221,91,668,1989,1797,1635,2292,1690,819,640,341,0,0,0,0,2,2,10,29,44,58
2020/10/23,78719,163858,175645,197036,213501,271054,240451,165503,126554,45221,91,649,1926,1743,1572,2210,1632,795,612,314,0,0,0,0,2,2,10,29,44,58
2020/10/22,78719,163858,175645,197036,213501,271054,240451,165503,126554,45221,88,616,1845,1672,1507,2108,1555,766,588,304,0,0,0,0,2,1,10,29,44,58
2020/10/21,78719,163858,175645,197036,213501,271054,240451,165503,126554,45221,84,581,1796,1615,1453,2027,1486,734,563,284,0,0,0,0,2,1,10,29,44,57
2020/10/20,78719,163858,175645,197036,213501,271054,240451,165503,126554,45221,84,548,1730,1549,1396,1959,1427,703,553,282,0,0,0,0,2,1,10,29,43,55
2020/10/19,78719,163858,175645,197036,213501,271054,240451,165503,126554,45221,84,534,1701,1515,1367,1915,1381,687,537,265,0,0,0,0,2,1,10,29,43,54
2020/10/18,78719,163858,175645,197036,213501,271054,240451,165503,126554,45221,81,523,1687,1496,1343,1881,1351,680,524,261,0,0,0,0,2,1,10,29,43,53
2020/10/17,78719,163858,175645,197036,213501,271054,240451,165503,126554,45221,78,505,1630,1451,1313,1822,1319,659,508,253,0,0,0,0,2,1,10,29,43,53
2020/10/16,78719,163858,175645,197036,213501,271054,240451,165503,126554,45221,77,486,1599,1422,1269,1781,1292,650,493,246,0,0,0,0,2,1,10,29,43,53
2020/10/15,78719,163858,175645,197036,213501,271054,240451,165503,126554,45221,73,479,1571,1395,1243,1747,1262,633,479,243,0,0,0,0,2,1,10,29,43,53
2020/10/14,78719,163858,175645,197036,213501,271054,240451,165503,126554,45221,73,469,1553,1377,1216,1713,1232,617,470,240,0,0,0,0,2,1,10,29,43,52
2020/10/13,78719,163858,175645,197036,213501,271054,240451,165503,126554,45221,73,456,1511,1340,1185,1661,1218,599,453,235,0,0,0,0,2,1,10,29,42,51
2020/10/12,78719,163858,175645,197036,213501,271054,240451,165503,126554,45221,73,447,1485,1325,1165,1627,1195,586,431,230,0,0,0,0,2,1,10,29,42,51
2020/10/11,78719,163858,175645,197036,213501,271054,240451,165503,126554,45221,73,444,1473,1310,1155,1619,1190,581,430,227,0,0,0,0,2,1,10,28,42,50
2020/10/10,78719,163858,175645,197036,213501,271054,240451,165503,126554,45221,72,434,1436,1291,1137,1579,1165,572,422,224,0,0,0,0,2,1,10,28,42,50
2020/10/09,78719,163858,175645,197036,213501,271054,240451,165503,126554,45221,72,420,1411,1276,1121,1557,1147,563,408,194,0,0,0,0,2,1,10,28,42,50
2020/10/08,78719,163858,175645,197036,213501,271054,240451,165503,126554,45221,69,405,1385,1255,1102,1531,1123,555,396,183,0,0,0,0,2,1,10,28,41,48
2020/10/07,78719,163858,175645,197036,213501,271054,240451,165503,126554,45221,67,368,1342,1223,1078,1482,1097,547,389,179,0,0,0,0,2,1,10,28,41,45
