date,Ob_pop_<5,Ob_pop_5-14,Ob_pop_15-24,Ob_pop_25-34,Ob_pop_35-44,Ob_pop_45-54,Ob_pop_55-64,Ob_pop_65-74,Ob_pop_75-84,Ob_pop_>84,Ob_inf_<5,Ob_inf_5-14,Ob_inf_15-24,Ob_inf_25-34,Ob_inf_35-44,Ob_inf_45-54,Ob_inf_55-64,Ob_inf_65-74,Ob_inf_75-84,Ob_inf_>84,Ob_dea_<5,Ob_dea_5-14,Ob_dea_15-24,Ob_dea_25-34,Ob_dea_35-44,Ob_dea_45-54,Ob_dea_55-64,Ob_dea_65-74,Ob_dea_75-84,Ob_dea_>84
2021/06/23,77078,148425,162237,197347,191491,220664,215165,138783,101220,37869,1080,8337,16637,19141,17877,20974,16340,7439,5709,3517,0,0,0,1,6,17,95,255,532,700
2021/06/22,77078,148425,162237,197347,191491,220664,215165,138783,101220,37869,1079,8332,16634,19134,17873,20973,16338,7438,5709,3517,0,0,0,1,6,17,95,255,532,700
2021/06/21,77078,148425,162237,197347,191491,220664,215165,138783,101220,37869,1079,8331,16630,19132,17870,20971,16337,7438,5710,3516,0,0,0,1,6,17,95,255,532,700
2021/06/20,77078,148425,162237,197347,191491,220664,215165,138783,101220,37869,1079,8330,16631,19130,17867,20970,16338,7438,5709,3516,0,0,0,1,6,17,95,255,532,699
2021/06/19,77078,148425,162237,197347,191491,220664,215165,138783,101220,37869,1079,8326,16629,19128,17867,20967,16338,7438,5709,3516,0,0,0,1,6,17,95,255,532,699
2021/06/18,77078,148425,162237,197347,191491,220664,215165,138783,101220,37869,1078,8324,16624,19126,17865,20965,16336,7438,5709,3516,0,0,0,1,6,17,95,255,532,699
2021/06/17,77078,148425,162237,197347,191491,220664,215165,138783,101220,37869,1078,8324,16622,19121,17866,20963,16334,7439,5708,3516,0,0,0,1,5,17,95,255,532,699
2021/06/16,77078,148425,162237,197347,191491,220664,215165,138783,101220,37869,1078,8324,16617,19119,17863,20960,16333,7438,5708,3515,0,0,0,1,5,17,95,255,532,699
2021/06/15,77078,148425,162237,197347,191491,220664,215165,138783,101220,37869,1078,8320,16613,19115,17857,20957,16331,7437,5706,3515,0,0,0,1,5,17,95,255,530,699
2021/06/14,77078,148425,162237,197347,191491,220664,215165,138783,101220,37869,1078,8315,16610,19114,17855,20956,16330,7437,5707,3515,0,0,0,1,5,17,94,255,529,699
2021/06/13,77078,148425,162237,197347,191491,220664,215165,138783,101220,37869,1078,8313,16608,19111,17850,20954,16327,7438,5708,3515,0,0,0,1,5,17,94,255,529,699
2021/06/12,77078,148425,162237,197347,191491,220664,215165,138783,101220,37869,1078,8307,16600,19108,17847,20953,16325,7438,5708,3515,0,0,0,1,5,17,94,255,529,699
2021/06/11,77078,148425,162237,197347,191491,220664,215165,138783,101220,37869,1077,8302,16592,19102,17845,20950,16323,7437,5706,3515,0,0,0,1,5,17,94,255,529,699
2021/06/10,77078,148425,162237,197347,191491,220664,215165,138783,101220,37869,1076,8296,16588,19097,17840,20943,16322,7436,5706,3514,0,0,0,1,5,17,94,255,529,699
2021/06/09,77078,148425,162237,197347,191491,220664,215165,138783,101220,37869,1076,8288,16579,19091,17835,20941,16318,7434,5705,3513,0,0,0,1,5,17,94,255,529,699
2021/06/08,77078,148425,162237,197347,191491,220664,215165,138783,101220,37869,1074,8275,16572,19081,17830,20936,16315,7433,5704,3511,0,0,0,1,5,17,94,255,529,699
2021/06/07,77078,148425,162237,197347,191491,220664,215165,138783,101220,37869,1073,8269,16561,19077,17823,20932,16317,7432,5708,3512,0,0,0,1,5,17,94,254,529,699
2021/06/06,77078,148425,162237,197347,191491,220664,215165,138783,101220,37869,1072,8261,16547,19067,17812,20928,16313,7429,5706,3511,0,0,0,1,5,17,94,254,529,699
2021/06/05,77078,148425,162237,197347,191491,220664,215165,138783,101220,37869,1071,8260,16528,19057,17806,20926,16308,7428,5706,3511,0,0,0,1,5,16,94,254,529,699
2021/06/04,77078,148425,162237,197347,191491,220664,215165,138783,101220,37869,1071,8253,16517,19048,17801,20916,16307,7428,5704,3511,0,0,0,1,5,16,94,254,529,699
2021/06/03,77078,148425,162237,197347,191491,220664,215165,138783,101220,37869,1070,8243,16510,19037,17796,20912,16301,7428,5703,3511,0,0,0,1,5,16,94,254,529,699
2021/06/02,77078,148425,162237,197347,191491,220664,215165,138783,101220,37869,1069,8235,16491,19033,17790,20905,16300,7428,5703,3512,0,0,0,1,5,16,94,254,529,699
2021/06/01,77078,148425,162237,197347,191491,220664,215165,138783,101220,37869,1068,8228,16469,19017,17774,20897,16294,7428,5703,3512,0,0,0,1,5,16,94,254,530,699
2021/05/31,77078,148425,162237,197347,191491,220664,215165,138783,101220,37869,1068,8221,16454,19010,17759,20885,16292,7427,5702,3512,0,0,0,1,5,16,94,254,530,699
2021/05/30,77078,148425,162237,197347,191491,220664,215165,138783,101220,37869,1067,8211,16451,18999,17758,20884,16292,7428,5696,3512,0,0,0,1,5,16,94,254,529,699
2021/05/29,77078,148425,162237,197347,191491,220664,215165,138783,101220,37869,1066,8202,16444,18988,17754,20874,16287,7431,5697,3513,0,0,0,1,5,16,94,254,529,699
2021/05/28,77078,148425,162237,197347,191491,220664,215165,138783,101220,37869,1064,8192,16437,18978,17737,20865,16277,7429,5697,3512,0,0,0,1,5,16,94,254,527,699
2021/05/27,77078,148425,162237,197347,191491,220664,215165,138783,101220,37869,1060,8173,16421,18955,17722,20850,16261,7426,5697,3512,0,0,0,1,5,16,94,253,527,699
2021/05/26,77078,148425,162237,197347,191491,220664,215165,138783,101220,37869,1054,8151,16406,18939,17701,20828,16253,7425,5695,3505,0,0,0,1,5,16,94,253,527,699
2021/05/25,77078,148425,162237,197347,191491,220664,215165,138783,101220,37869,1052,8138,16392,18924,17681,20815,16239,7424,5694,3504,0,0,0,1,5,16,94,253,527,699
2021/05/24,77078,148425,162237,197347,191491,220664,215165,138783,101220,37869,1051,8130,16372,18914,17674,20806,16234,7423,5695,3504,0,0,0,1,5,16,94,253,526,698
2021/05/23,77078,148425,162237,197347,191491,220664,215165,138783,101220,37869,1051,8121,16358,18908,17662,20799,16230,7422,5695,3504,0,0,0,1,5,16,94,253,526,698
2021/05/22,77078,148425,162237,197347,191491,220664,215165,138783,101220,37869,1049,8103,16342,18893,17649,20783,16224,7416,5689,3503,0,0,0,1,5,16,94,253,526,698
2021/05/21,77078,148425,162237,197347,191491,220664,215165,138783,101220,37869,1048,8086,16319,18867,17634,20770,16218,7409,5689,3502,0,0,0,1,5,16,93,253,526,697
2021/05/20,77078,148425,162237,197347,191491,220664,215165,138783,101220,37869,1048,8047,16293,18835,17608,20750,16210,7403,5687,3501,0,0,0,1,5,16,93,253,526,697
2021/05/19,77078,148425,162237,197347,191491,220664,215165,138783,101220,37869,1043,8026,16273,18817,17590,20730,16199,7402,5684,3502,0,0,0,1,5,16,92,253,526,697
2021/05/18,77078,148425,162237,197347,191491,220664,215165,138783,101220,37869,1042,7997,16246,18796,17564,20708,16179,7397,5683,3503,0,0,0,1,5,16,92,253,526,697
2021/05/17,77078,148425,162237,197347,191491,220664,215165,138783,101220,37869,1041,7982,16231,18782,17541,20695,16167,7392,5682,3501,0,0,0,1,5,16,92,253,526,697
2021/05/16,77078,148425,162237,197347,191491,220664,215165,138783,101220,37869,1039,7950,16210,18767,17517,20681,16153,7388,5679,3501,0,0,0,1,5,16,92,253,525,696
2021/05/15,77078,148425,162237,197347,191491,220664,215165,138783,101220,37869,1036,7938,16204,18753,17500,20670,16135,7386,5677,3500,0,0,0,1,5,16,92,253,525,696
2021/05/14,77078,148425,162237,197347,191491,220664,215165,138783,101220,37869,1035,7921,16182,18711,17479,20649,16119,7376,5675,3500,0,0,0,1,5,16,92,253,524,695
2021/05/13,77078,148425,162237,197347,191491,220664,215165,138783,101220,37869,1035,7895,16161,18687,17459,20639,16096,7375,5673,3499,0,0,0,1,5,16,90,251,524,695
2021/05/12,77078,148425,162237,197347,191491,220664,215165,138783,101220,37869,1031,7865,16133,18666,17432,20614,16077,7373,5668,3495,0,0,0,1,5,16,90,251,524,694
2021/05/11,77078,148425,162237,197347,191491,220664,215165,138783,101220,37869,1026,7832,16098,18632,17399,20577,16041,7370,5666,3493,0,0,0,1,5,16,90,251,524,694
2021/05/10,77078,148425,162237,197347,191491,220664,215165,138783,101220,37869,1023,7814,16082,18616,17370,20559,16023,7362,5665,3491,0,0,0,1,5,16,89,249,523,692
2021/05/09,77078,148425,162237,197347,191491,220664,215165,138783,101220,37869,1021,7800,16067,18599,17358,20545,16013,7356,5662,3487,0,0,0,1,5,16,88,248,522,692
2021/05/08,77078,148425,162237,197347,191491,220664,215165,138783,101220,37869,1018,7771,16039,18567,17321,20509,15991,7352,5658,3484,0,0,0,1,5,16,88,246,522,691
2021/05/07,77078,148425,162237,197347,191491,220664,215165,138783,101220,37869,1013,7738,15997,18521,17292,20472,15965,7344,5654,3481,0,0,0,1,5,15,88,246,522,691
2021/05/06,77078,148425,162237,197347,191491,220664,215165,138783,101220,37869,1009,7690,15960,18492,17252,20444,15949,7331,5647,3478,0,0,0,1,5,15,87,246,522,691
2021/05/05,77078,148425,162237,197347,191491,220664,215165,138783,101220,37869,1001,7646,15924,18454,17199,20401,15930,7320,5640,3469,0,0,0,1,5,15,87,246,521,691
2021/05/04,77078,148425,162237,197347,191491,220664,215165,138783,101220,37869,994,7577,15870,18402,17143,20336,15900,7313,5636,3466,0,0,0,1,5,15,86,244,521,691
2021/05/03,77078,148425,162237,197347,191491,220664,215165,138783,101220,37869,985,7536,15827,18374,17096,20293,15873,7302,5632,3466,0,0,0,1,5,15,85,244,521,690
2021/05/02,77078,148425,162237,197347,191491,220664,215165,138783,101220,37869,983,7504,15793,18347,17067,20262,15857,7293,5630,3464,0,0,0,1,5,15,85,243,521,689
2021/05/01,77078,148425,162237,197347,191491,220664,215165,138783,101220,37869,975,7458,15757,18296,17017,20210,15824,7287,5625,3460,0,0,0,1,5,15,85,241,521,689
2021/04/30,77078,148425,162237,197347,191491,220664,215165,138783,101220,37869,970,7416,15706,18238,16969,20164,15791,7275,5616,3457,0,0,0,1,5,15,85,238,521,689
2021/04/29,77078,148425,162237,197347,191491,220664,215165,138783,101220,37869,962,7356,15647,18178,16902,20111,15753,7262,5605,3456,0,0,0,1,5,15,85,238,521,689
2021/04/28,77078,148425,162237,197347,191491,220664,215165,138783,101220,37869,955,7289,15588,18124,16826,20043,15707,7235,5600,3455,0,0,0,1,5,15,84,238,521,689
2021/04/27,77078,148425,162237,197347,191491,220664,215165,138783,101220,37869,950,7244,15517,18062,16778,19988,15671,7219,5595,3453,0,0,0,1,5,15,83,237,521,689
2021/04/26,77078,148425,162237,197347,191491,220664,215165,138783,101220,37869,947,7199,15461,18011,16737,19933,15646,7210,5587,3451,0,0,0,1,5,15,83,236,521,689
2021/04/25,77078,148425,162237,197347,191491,220664,215165,138783,101220,37869,944,7160,15428,17968,16677,19889,15619,7199,5579,3450,0,0,0,1,5,15,83,236,520,688
2021/04/24,77078,148425,162237,197347,191491,220664,215165,138783,101220,37869,937,7112,15369,17896,16615,19820,15569,7179,5568,3447,0,0,0,1,5,15,83,235,520,687
2021/04/23,77078,148425,162237,197347,191491,220664,215165,138783,101220,37869,930,7055,15306,17822,16539,19765,15524,7162,5562,3446,0,0,0,1,5,15,83,235,520,687
2021/04/22,77078,148425,162237,197347,191491,220664,215165,138783,101220,37869,927,6980,15239,17758,16485,19694,15474,7141,5555,3446,0,0,0,1,5,15,83,235,520,686
2021/04/21,77078,148425,162237,197347,191491,220664,215165,138783,101220,37869,920,6898,15169,17693,16398,19617,15421,7118,5540,3445,0,0,0,1,5,15,82,235,519,686
2021/04/20,77078,148425,162237,197347,191491,220664,215165,138783,101220,37869,908,6817,15091,17609,16321,19545,15364,7102,5530,3441,0,0,0,1,5,15,82,235,519,684
2021/04/19,77078,148425,162237,197347,191491,220664,215165,138783,101220,37869,906,6769,15048,17557,16264,19490,15314,7084,5525,3437,0,0,0,1,5,15,81,233,518,683
2021/04/18,77078,148425,162237,197347,191491,220664,215165,138783,101220,37869,900,6712,14996,17516,16205,19426,15274,7067,5522,3435,0,0,0,1,5,15,80,230,517,683
2021/04/17,77078,148425,162237,197347,191491,220664,215165,138783,101220,37869,893,6637,14939,17454,16154,19371,15226,7051,5514,3431,0,0,0,1,5,15,77,230,517,683
2021/04/16,77078,148425,162237,197347,191491,220664,215165,138783,101220,37869,886,6539,14856,17394,16084,19297,15177,7032,5504,3427,0,0,0,1,5,15,77,230,517,681
2021/04/15,77078,148425,162237,197347,191491,220664,215165,138783,101220,37869,880,6468,14790,17342,16034,19250,15124,7013,5498,3423,0,0,0,1,5,15,77,230,514,681
2021/04/14,77078,148425,162237,197347,191491,220664,215165,138783,101220,37869,869,6385,14711,17237,15959,19162,15059,6980,5486,3419,0,0,0,1,5,15,77,230,513,680
2021/04/13,77078,148425,162237,197347,191491,220664,215165,138783,101220,37869,861,6300,14645,17153,15883,19069,15005,6944,5475,3416,0,0,0,1,5,15,77,228,512,677
2021/04/12,77078,148425,162237,197347,191491,220664,215165,138783,101220,37869,857,6248,14590,17092,15816,19015,14956,6919,5469,3413,0,0,0,1,5,15,77,228,508,677
2021/04/11,77078,148425,162237,197347,191491,220664,215165,138783,101220,37869,852,6207,14542,17032,15759,18960,14918,6910,5462,3410,0,0,0,1,5,15,77,228,507,677
2021/04/10,77078,148425,162237,197347,191491,220664,215165,138783,101220,37869,847,6156,14470,16966,15696,18896,14872,6876,5451,3402,0,0,0,1,5,15,76,225,506,676
2021/04/09,77078,148425,162237,197347,191491,220664,215165,138783,101220,37869,840,6087,14376,16880,15608,18806,14815,6860,5434,3397,0,0,0,1,5,15,76,225,506,676
2021/04/08,77078,148425,162237,197347,191491,220664,215165,138783,101220,37869,837,6025,14296,16785,15541,18736,14770,6833,5415,3392,0,0,0,1,5,15,76,224,505,675
2021/04/07,77078,148425,162237,197347,191491,220664,215165,138783,101220,37869,835,5955,14231,16701,15476,18635,14710,6803,5407,3386,0,0,0,1,5,14,76,224,505,675
2021/04/06,77078,148425,162237,197347,191491,220664,215165,138783,101220,37869,830,5918,14155,16624,15406,18548,14658,6770,5388,3381,0,0,0,1,5,14,76,223,503,673
2021/04/05,77078,148425,162237,197347,191491,220664,215165,138783,101220,37869,815,5854,14022,16496,15307,18433,14556,6711,5361,3374,0,0,0,1,5,13,75,218,499,669
2021/04/04,77078,148425,162237,197347,191491,220664,215165,138783,101220,37869,815,5854,14022,16496,15307,18433,14556,6711,5361,3374,0,0,0,1,5,13,75,218,499,669
2021/04/03,77078,148425,162237,197347,191491,220664,215165,138783,101220,37869,806,5817,13961,16427,15238,18366,14499,6691,5344,3370,0,0,0,1,5,13,75,217,498,668
2021/04/02,77078,148425,162237,197347,191491,220664,215165,138783,101220,37869,801,5766,13900,16369,15173,18304,14438,6670,5337,3365,0,0,0,1,5,13,75,215,498,667
2021/04/01,77078,148425,162237,197347,191491,220664,215165,138783,101220,37869,794,5703,13823,16287,15092,18241,14380,6651,5324,3361,0,0,0,1,5,13,75,214,497,667
2021/03/31,77078,148425,162237,197347,191491,220664,215165,138783,101220,37869,784,5654,13735,16217,14997,18152,14314,6616,5311,3358,0,0,0,1,5,13,75,214,497,666
2021/03/30,77078,148425,162237,197347,191491,220664,215165,138783,101220,37869,778,5601,13652,16136,14898,18069,14255,6583,5285,3352,0,0,0,1,5,13,75,213,496,663
2021/03/29,77078,148425,162237,197347,191491,220664,215165,138783,101220,37869,765,5557,13591,16082,14831,17990,14195,6553,5271,3347,0,0,0,1,5,13,75,213,492,661
2021/03/28,77078,148425,162237,197347,191491,220664,215165,138783,101220,37869,762,5511,13549,16036,14785,17928,14148,6532,5261,3341,0,0,0,1,5,13,75,212,492,658
2021/03/27,77078,148425,162237,197347,191491,220664,215165,138783,101220,37869,758,5452,13470,15952,14717,17851,14082,6508,5246,3334,0,0,0,1,5,13,75,212,492,658
2021/03/26,77078,148425,162237,197347,191491,220664,215165,138783,101220,37869,749,5380,13392,15868,14641,17758,14013,6477,5215,3316,0,0,0,1,5,13,75,211,490,657
2021/03/25,77078,148425,162237,197347,191491,220664,215165,138783,101220,37869,738,5297,13289,15750,14537,17650,13953,6445,5198,3311,0,0,0,1,5,13,75,211,490,656
2021/03/24,77078,148425,162237,197347,191491,220664,215165,138783,101220,37869,724,5244,13211,15683,14469,17578,13889,6431,5185,3308,0,0,0,1,5,13,75,211,489,656
2021/03/23,77078,148425,162237,197347,191491,220664,215165,138783,101220,37869,711,5187,13143,15598,14410,17477,13818,6407,5163,3301,0,0,0,1,5,13,74,211,489,656
2021/03/22,77078,148425,162237,197347,191491,220664,215165,138783,101220,37869,701,5129,13064,15515,14347,17398,13768,6379,5149,3293,0,0,0,1,5,13,73,211,486,653
2021/03/21,77078,148425,162237,197347,191491,220664,215165,138783,101220,37869,697,5099,13025,15471,14306,17364,13732,6361,5142,3289,0,0,0,1,5,13,72,210,483,650
2021/03/20,77078,148425,162237,197347,191491,220664,215165,138783,101220,37869,695,5019,12944,15411,14232,17276,13668,6333,5127,3282,0,0,0,1,5,13,72,210,482,649
2021/03/19,77078,148425,162237,197347,191491,220664,215165,138783,101220,37869,689,4967,12882,15357,14174,17219,13617,6312,5110,3276,0,0,0,1,5,13,72,210,480,648
2021/03/18,77078,148425,162237,197347,191491,220664,215165,138783,101220,37869,682,4895,12796,15275,14080,17124,13550,6290,5094,3269,0,0,0,1,5,13,72,210,481,647
2021/03/17,77078,148425,162237,197347,191491,220664,215165,138783,101220,37869,672,4835,12724,15199,14007,17065,13479,6260,5079,3266,0,0,0,1,5,13,71,209,481,645
2021/03/16,77078,148425,162237,197347,191491,220664,215165,138783,101220,37869,666,4773,12648,15104,13923,16982,13416,6244,5058,3262,0,0,0,1,5,13,71,209,480,642
2021/03/15,77078,148425,162237,197347,191491,220664,215165,138783,101220,37869,662,4715,12592,15037,13863,16913,13375,6221,5045,3260,0,0,0,1,5,13,71,209,480,641
2021/03/14,77078,148425,162237,197347,191491,220664,215165,138783,101220,37869,661,4679,12549,15007,13815,16863,13347,6199,5038,3250,0,0,0,1,5,13,71,209,480,639
2021/03/13,77078,148425,162237,197347,191491,220664,215165,138783,101220,37869,653,4630,12466,14961,13761,16807,13298,6180,5023,3245,0,0,0,1,5,13,71,209,479,638
2021/03/12,77078,148425,162237,197347,191491,220664,215165,138783,101220,37869,642,4568,12397,14888,13686,16747,13249,6153,5003,3240,0,0,0,1,5,13,71,208,478,638
2021/03/11,77078,148425,162237,197347,191491,220664,215165,138783,101220,37869,635,4506,12329,14807,13616,16679,13190,6121,4982,3234,0,0,0,1,5,13,71,208,478,636
2021/03/10,77078,148425,162237,197347,191491,220664,215165,138783,101220,37869,629,4440,12259,14741,13560,16607,13143,6104,4965,3225,0,0,0,1,5,13,71,208,477,636
2021/03/09,77078,148425,162237,197347,191491,220664,215165,138783,101220,37869,623,4365,12182,14668,13495,16535,13088,6084,4945,3214,0,0,0,1,5,13,71,208,477,636
2021/03/08,77078,148425,162237,197347,191491,220664,215165,138783,101220,37869,620,4325,12113,14622,13445,16480,13045,6063,4933,3209,0,0,0,1,5,13,71,208,476,636
2021/03/07,77078,148425,162237,197347,191491,220664,215165,138783,101220,37869,616,4299,12066,14582,13401,16430,13024,6048,4924,3202,0,0,0,1,5,13,71,208,475,634
2021/03/06,77078,148425,162237,197347,191491,220664,215165,138783,101220,37869,606,4250,12020,14545,13358,16384,12984,6032,4916,3198,0,0,0,1,5,13,71,208,475,633
2021/03/05,77078,148425,162237,197347,191491,220664,215165,138783,101220,37869,597,4211,11950,14484,13292,16307,12950,6019,4899,3194,0,0,0,1,5,13,71,208,475,633
2021/03/04,77078,148425,162237,197347,191491,220664,215165,138783,101220,37869,593,4153,11876,14411,13244,16237,12902,5997,4890,3193,0,0,0,1,5,13,71,208,475,633
2021/03/03,77078,148425,162237,197347,191491,220664,215165,138783,101220,37869,590,4082,11810,14357,13192,16175,12851,5986,4874,3189,0,0,0,1,4,13,71,208,475,632
2021/03/02,77078,148425,162237,197347,191491,220664,215165,138783,101220,37869,590,4035,11762,14306,13134,16117,12822,5972,4868,3182,0,0,0,1,4,13,71,208,475,632
2021/03/01,77078,148425,162237,197347,191491,220664,215165,138783,101220,37869,583,3993,11703,14246,13076,16046,12770,5957,4856,3178,0,0,0,1,4,13,71,208,476,630
2021/02/28,77078,148425,162237,197347,191491,220664,215165,138783,101220,37869,583,3986,11687,14233,13065,16038,12760,5953,4854,3175,0,0,0,1,4,13,71,208,476,630
2021/02/27,77078,148425,162237,197347,191491,220664,215165,138783,101220,37869,581,3962,11655,14195,13018,16007,12739,5941,4847,3172,0,0,0,1,4,13,71,208,476,630
2021/02/26,77078,148425,162237,197347,191491,220664,215165,138783,101220,37869,573,3929,11604,14134,12960,15962,12706,5924,4841,3169,0,0,0,1,4,13,71,207,476,630
2021/02/25,77078,148425,162237,197347,191491,220664,215165,138783,101220,37869,568,3865,11548,14072,12902,15892,12676,5907,4839,3177,0,0,0,1,4,13,71,206,474,628
2021/02/24,77078,148425,162237,197347,191491,220664,215165,138783,101220,37869,565,3834,11505,14016,12866,15839,12636,5889,4829,3168,0,0,0,1,4,13,71,205,474,628
2021/02/23,77078,148425,162237,197347,191491,220664,215165,138783,101220,37869,564,3795,11456,13950,12822,15770,12585,5879,4816,3163,0,0,0,1,4,13,70,205,472,628
2021/02/22,77078,148425,162237,197347,191491,220664,215165,138783,101220,37869,564,3778,11430,13922,12798,15747,12552,5864,4812,3163,0,0,0,1,4,13,70,205,471,628
2021/02/21,77078,148425,162237,197347,191491,220664,215165,138783,101220,37869,553,3760,11393,13887,12779,15714,12529,5852,4804,3159,0,0,0,1,4,13,70,205,471,628
2021/02/20,77078,148425,162237,197347,191491,220664,215165,138783,101220,37869,550,3730,11349,13832,12729,15674,12496,5839,4795,3154,0,0,0,1,4,13,70,205,469,628
2021/02/19,77078,148425,162237,197347,191491,220664,215165,138783,101220,37869,549,3700,11315,13780,12691,15634,12468,5828,4785,3151,0,0,0,1,4,13,70,205,469,627
2021/02/18,77078,148425,162237,197347,191491,220664,215165,138783,101220,37869,549,3681,11270,13725,12652,15569,12444,5813,4779,3146,0,0,0,1,4,13,70,204,469,627
2021/02/17,77078,148425,162237,197347,191491,220664,215165,138783,101220,37869,548,3651,11216,13654,12590,15530,12399,5795,4766,3144,0,0,0,1,4,13,70,203,468,627
2021/02/16,77078,148425,162237,197347,191491,220664,215165,138783,101220,37869,544,3632,11181,13623,12554,15503,12375,5786,4762,3141,0,0,0,1,4,13,70,203,465,627
2021/02/15,77078,148425,162237,197347,191491,220664,215165,138783,101220,37869,542,3610,11147,13587,12525,15467,12346,5776,4749,3140,0,0,0,1,4,13,70,202,464,626
2021/02/14,77078,148425,162237,197347,191491,220664,215165,138783,101220,37869,541,3590,11118,13559,12506,15447,12319,5773,4743,3142,0,0,0,1,4,13,70,202,464,624
2021/02/13,77078,148425,162237,197347,191491,220664,215165,138783,101220,37869,541,3580,11088,13531,12479,15417,12292,5763,4739,3139,0,0,0,1,4,13,70,202,463,623
2021/02/12,77078,148425,162237,197347,191491,220664,215165,138783,101220,37869,541,3568,11058,13499,12449,15378,12266,5749,4735,3132,0,0,0,1,4,13,70,202,463,622
2021/02/11,77078,148425,162237,197347,191491,220664,215165,138783,101220,37869,537,3548,11033,13462,12428,15344,12238,5734,4732,3125,0,0,0,1,4,13,69,202,463,622
2021/02/10,77078,148425,162237,197347,191491,220664,215165,138783,101220,37869,537,3537,11013,13426,12402,15311,12206,5723,4727,3123,0,0,0,1,4,13,69,201,461,620
2021/02/09,77078,148425,162237,197347,191491,220664,215165,138783,101220,37869,534,3518,10988,13390,12369,15274,12167,5705,4715,3117,0,0,0,1,4,13,69,201,461,618
2021/02/08,77078,148425,162237,197347,191491,220664,215165,138783,101220,37869,532,3507,10963,13359,12346,15249,12142,5699,4706,3119,0,0,0,1,4,13,69,200,459,617
2021/02/07,77078,148425,162237,197347,191491,220664,215165,138783,101220,37869,528,3490,10947,13337,12328,15232,12123,5688,4698,3111,0,0,0,1,4,13,69,199,459,617
2021/02/06,77078,148425,162237,197347,191491,220664,215165,138783,101220,37869,527,3487,10926,13316,12309,15216,12105,5675,4688,3109,0,0,0,1,4,13,69,199,458,616
2021/02/05,77078,148425,162237,197347,191491,220664,215165,138783,101220,37869,526,3465,10882,13280,12277,15164,12064,5658,4677,3105,0,0,0,1,4,13,69,199,458,615
2021/02/04,77078,148425,162237,197347,191491,220664,215165,138783,101220,37869,523,3451,10865,13247,12252,15135,12045,5652,4668,3101,0,0,0,1,4,13,69,198,458,615
2021/02/03,77078,148425,162237,197347,191491,220664,215165,138783,101220,37869,520,3439,10840,13208,12222,15094,12014,5646,4655,3099,0,0,0,1,4,13,69,197,458,613
2021/02/02,77078,148425,162237,197347,191491,220664,215165,138783,101220,37869,518,3429,10821,13164,12184,15058,11989,5637,4647,3093,0,0,0,1,4,13,69,198,457,611
2021/02/01,77078,148425,162237,197347,191491,220664,215165,138783,101220,37869,514,3421,10804,13125,12164,15029,11964,5626,4638,3092,0,0,0,1,4,13,69,198,452,608
2021/01/31,77078,148425,162237,197347,191491,220664,215165,138783,101220,37869,511,3408,10789,13106,12139,15002,11947,5620,4632,3088,0,0,0,1,4,13,69,197,451,606
2021/01/30,77078,148425,162237,197347,191491,220664,215165,138783,101220,37869,509,3394,10775,13091,12115,14981,11932,5613,4628,3082,0,0,0,1,4,13,69,197,448,605
2021/01/29,77078,148425,162237,197347,191491,220664,215165,138783,101220,37869,506,3379,10746,13057,12077,14934,11905,5599,4617,3068,0,0,0,1,4,13,69,197,447,602
2021/01/28,77078,148425,162237,197347,191491,220664,215165,138783,101220,37869,504,3358,10718,13004,12041,14895,11866,5582,4600,3064,0,0,0,1,4,13,69,196,444,598
2021/01/27,77078,148425,162237,197347,191491,220664,215165,138783,101220,37869,503,3347,10691,12974,12008,14844,11834,5571,4592,3056,0,0,0,1,4,13,69,196,444,594
2021/01/26,77078,148425,162237,197347,191491,220664,215165,138783,101220,37869,502,3333,10657,12940,11971,14810,11806,5555,4585,3048,0,0,0,1,4,13,69,194,444,594
2021/01/25,77078,148425,162237,197347,191491,220664,215165,138783,101220,37869,502,3326,10638,12907,11939,14782,11783,5544,4574,3037,0,0,0,1,4,12,69,192,443,590
2021/01/24,77078,148425,162237,197347,191491,220664,215165,138783,101220,37869,498,3298,10606,12878,11902,14743,11737,5532,4567,3031,0,0,0,1,4,12,69,191,439,586
2021/01/23,77078,148425,162237,197347,191491,220664,215165,138783,101220,37869,497,3291,10589,12860,11881,14723,11714,5525,4559,3019,0,0,0,1,4,12,69,189,438,581
2021/01/22,77078,148425,162237,197347,191491,220664,215165,138783,101220,37869,491,3267,10559,12825,11846,14673,11679,5510,4552,3008,0,0,0,1,4,12,69,189,434,580
2021/01/21,77078,148425,162237,197347,191491,220664,215165,138783,101220,37869,490,3253,10516,12784,11817,14625,11645,5496,4536,2994,0,0,0,1,4,12,69,188,431,577
2021/01/20,77078,148425,162237,197347,191491,220664,215165,138783,101220,37869,487,3240,10489,12746,11775,14573,11614,5484,4520,2987,0,0,0,1,4,12,69,188,428,574
2021/01/19,77078,148425,162237,197347,191491,220664,215165,138783,101220,37869,483,3224,10452,12687,11730,14527,11567,5470,4511,2977,0,0,0,1,4,12,69,188,426,573
2021/01/18,77078,148425,162237,197347,191491,220664,215165,138783,101220,37869,483,3220,10422,12657,11700,14477,11523,5461,4498,2971,0,0,0,1,4,12,69,185,425,571
2021/01/17,77078,148425,162237,197347,191491,220664,215165,138783,101220,37869,483,3214,10405,12634,11685,14449,11507,5450,4489,2966,0,0,0,1,4,12,69,184,424,569
2021/01/16,77078,148425,162237,197347,191491,220664,215165,138783,101220,37869,482,3211,10382,12618,11653,14418,11482,5437,4481,2957,0,0,0,1,4,12,69,181,423,567
2021/01/15,77078,148425,162237,197347,191491,220664,215165,138783,101220,37869,482,3204,10341,12575,11605,14370,11457,5419,4464,2943,0,0,0,1,4,11,69,181,422,566
2021/01/14,77078,148425,162237,197347,191491,220664,215165,138783,101220,37869,482,3197,10305,12539,11562,14340,11415,5395,4443,2924,0,0,0,1,4,11,69,181,420,564
2021/01/13,77078,148425,162237,197347,191491,220664,215165,138783,101220,37869,482,3196,10264,12497,11525,14295,11376,5377,4430,2910,0,0,0,1,4,11,69,179,415,559
2021/01/12,77078,148425,162237,197347,191491,220664,215165,138783,101220,37869,484,3184,10211,12447,11475,14234,11321,5346,4410,2900,0,0,0,1,4,11,69,178,414,557
2021/01/11,77078,148425,162237,197347,191491,220664,215165,138783,101220,37869,481,3175,10170,12405,11432,14181,11284,5331,4392,2894,0,0,0,1,4,11,68,177,413,553
2021/01/10,77078,148425,162237,197347,191491,220664,215165,138783,101220,37869,481,3167,10148,12376,11415,14156,11259,5316,4380,2885,0,0,0,1,4,11,68,177,409,549
2021/01/09,77078,148425,162237,197347,191491,220664,215165,138783,101220,37869,480,3161,10110,12336,11384,14117,11220,5295,4362,2868,0,0,0,1,4,11,68,177,409,542
2021/01/08,77078,148425,162237,197347,191491,220664,215165,138783,101220,37869,480,3147,10044,12274,11306,14033,11147,5255,4330,2848,0,0,0,1,4,11,68,175,405,536
2021/01/07,77078,148425,162237,197347,191491,220664,215165,138783,101220,37869,477,3136,10016,12223,11268,13970,11095,5239,4309,2835,0,0,0,1,4,11,67,175,402,531
2021/01/06,77078,148425,162237,197347,191491,220664,215165,138783,101220,37869,476,3125,9970,12190,11240,13919,11049,5208,4287,2807,0,0,0,1,4,11,67,172,401,527
2021/01/05,77078,148425,162237,197347,191491,220664,215165,138783,101220,37869,474,3110,9912,12117,11163,13823,10933,5166,4255,2776,0,0,0,1,4,11,66,172,400,525
2021/01/04,77078,148425,162237,197347,191491,220664,215165,138783,101220,37869,473,3098,9863,12066,11118,13760,10878,5146,4233,2763,0,0,0,1,4,10,65,169,396,518
2021/01/03,77078,148425,162237,197347,191491,220664,215165,138783,101220,37869,472,3086,9811,12009,11048,13698,10836,5101,4212,2739,0,0,0,1,4,10,65,167,391,509
2021/01/02,77078,148425,162237,197347,191491,220664,215165,138783,101220,37869,472,3076,9794,11958,11012,13669,10809,5081,4195,2721,0,0,0,1,4,10,65,166,390,506
2021/01/01,77078,148425,162237,197347,191491,220664,215165,138783,101220,37869,472,3064,9753,11921,10984,13624,10774,5065,4178,2715,0,0,0,1,4,10,65,165,387,500
2020/12/31,77078,148425,162237,197347,191491,220664,215165,138783,101220,37869,471,3053,9711,11870,10942,13564,10728,5039,4155,2696,0,0,0,1,4,10,65,164,383,496
2020/12/30,77078,148425,162237,197347,191491,220664,215165,138783,101220,37869,471,3035,9639,11790,10853,13471,10664,5006,4115,2664,0,0,0,1,4,10,65,162,379,489
2020/12/29,77078,148425,162237,197347,191491,220664,215165,138783,101220,37869,470,3018,9588,11712,10779,13390,10605,4975,4084,2632,0,0,0,1,4,10,64,158,375,480
2020/12/28,77078,148425,162237,197347,191491,220664,215165,138783,101220,37869,469,3010,9560,11661,10733,13314,10538,4943,4053,2610,0,0,0,1,4,10,63,158,369,468
2020/12/27,77078,148425,162237,197347,191491,220664,215165,138783,101220,37869,467,2995,9519,11607,10690,13261,10492,4918,4037,2574,0,0,0,1,4,10,61,156,361,465
2020/12/26,77078,148425,162237,197347,191491,220664,215165,138783,101220,37869,467,2985,9504,11579,10658,13230,10459,4895,4016,2561,0,0,0,1,4,10,61,152,356,460
2020/12/25,77078,148425,162237,197347,191491,220664,215165,138783,101220,37869,465,2983,9474,11538,10622,13184,10416,4869,3995,2553,0,0,0,1,4,10,60,148,350,454
2020/12/24,77078,148425,162237,197347,191491,220664,215165,138783,101220,37869,465,2967,9434,11488,10558,13126,10355,4839,3973,2534,0,0,0,1,4,10,60,147,349,447
2020/12/23,77078,148425,162237,197347,191491,220664,215165,138783,101220,37869,463,2947,9369,11397,10471,13011,10283,4808,3931,2496,0,0,0,1,4,10,60,147,346,444
2020/12/22,77078,148425,162237,197347,191491,220664,215165,138783,101220,37869,464,2935,9322,11328,10404,12924,10221,4777,3891,2471,0,0,0,1,4,10,58,142,339,437
2020/12/21,77078,148425,162237,197347,191491,220664,215165,138783,101220,37869,464,2920,9289,11274,10349,12852,10153,4736,3865,2451,0,0,0,1,4,10,56,140,338,428
2020/12/20,77078,148425,162237,197347,191491,220664,215165,138783,101220,37869,463,2910,9260,11235,10303,12799,10121,4724,3833,2434,0,0,0,1,4,9,56,136,333,424
2020/12/19,77078,148425,162237,197347,191491,220664,215165,138783,101220,37869,461,2903,9227,11204,10268,12768,10086,4710,3810,2416,0,0,0,1,4,9,55,135,329,421
2020/12/18,77078,148425,162237,197347,191491,220664,215165,138783,101220,37869,459,2892,9165,11142,10200,12707,10027,4690,3779,2383,0,0,0,1,3,9,53,133,328,417
2020/12/17,77078,148425,162237,197347,191491,220664,215165,138783,101220,37869,458,2878,9123,11100,10149,12658,9982,4673,3763,2362,0,0,0,1,3,8,52,131,322,408
2020/12/16,77078,148425,162237,197347,191491,220664,215165,138783,101220,37869,457,2864,9063,11009,10083,12571,9931,4633,3725,2321,0,0,0,1,3,8,51,129,317,397
2020/12/15,77078,148425,162237,197347,191491,220664,215165,138783,101220,37869,456,2849,9001,10925,9995,12467,9841,4591,3694,2291,0,0,0,1,3,8,48,127,314,391
2020/12/14,77078,148425,162237,197347,191491,220664,215165,138783,101220,37869,455,2825,8949,10855,9910,12380,9763,4542,3660,2279,0,0,0,1,3,8,47,124,305,378
2020/12/13,77078,148425,162237,197347,191491,220664,215165,138783,101220,37869,454,2811,8894,10785,9840,12276,9682,4496,3619,2258,0,0,0,1,3,8,47,120,291,371
2020/12/12,77078,148425,162237,197347,191491,220664,215165,138783,101220,37869,453,2789,8828,10696,9747,12152,9561,4427,3563,2237,0,0,0,1,3,7,46,118,288,364
2020/12/11,77078,148425,162237,197347,191491,220664,215165,138783,101220,37869,451,2771,8737,10589,9657,12020,9492,4393,3506,2178,0,0,0,1,3,7,44,115,287,354
2020/12/10,77078,148425,162237,197347,191491,220664,215165,138783,101220,37869,448,2759,8650,10490,9569,11908,9416,4350,3456,2136,0,0,0,1,4,7,43,112,279,343
2020/12/09,77078,148425,162237,197347,191491,220664,215165,138783,101220,37869,447,2755,8597,10446,9503,11808,9337,4322,3409,2092,0,0,0,1,4,7,42,110,269,333
2020/12/08,77078,148425,162237,197347,191491,220664,215165,138783,101220,37869,447,2736,8534,10358,9439,11708,9263,4289,3380,2070,0,0,0,1,4,7,40,108,260,325
2020/12/07,77078,148425,162237,197347,191491,220664,215165,138783,101220,37869,446,2726,8484,10281,9367,11627,9185,4267,3337,2050,0,0,0,1,4,7,38,108,252,317
2020/12/06,77078,148425,162237,197347,191491,220664,215165,138783,101220,37869,442,2710,8449,10233,9322,11567,9144,4244,3314,2037,0,0,0,1,4,6,38,107,246,310
2020/12/05,77078,148425,162237,197347,191491,220664,215165,138783,101220,37869,440,2691,8389,10167,9233,11476,9074,4203,3269,1994,0,0,0,1,4,6,37,106,243,308
2020/12/04,77078,148425,162237,197347,191491,220664,215165,138783,101220,37869,439,2683,8313,10057,9151,11333,9003,4159,3215,1943,0,0,0,1,4,6,35,104,238,293
2020/12/03,77078,148425,162237,197347,191491,220664,215165,138783,101220,37869,436,2662,8235,9951,9036,11194,8916,4113,3163,1913,0,0,0,1,4,6,33,96,229,274
2020/12/02,77078,148425,162237,197347,191491,220664,215165,138783,101220,37869,434,2644,8146,9847,8912,11035,8793,4076,3121,1882,0,0,0,1,4,6,32,93,225,263
2020/12/01,77078,148425,162237,197347,191491,220664,215165,138783,101220,37869,430,2630,8074,9730,8823,10892,8696,4038,3066,1842,0,0,0,1,4,6,29,91,220,254
2020/11/30,77078,148425,162237,197347,191491,220664,215165,138783,101220,37869,429,2612,8003,9617,8724,10780,8603,3999,3027,1820,0,0,0,1,4,6,27,84,210,241
2020/11/29,77078,148425,162237,197347,191491,220664,215165,138783,101220,37869,424,2592,7951,9531,8653,10691,8531,3963,2997,1801,0,0,0,1,3,6,25,80,200,231
2020/11/28,77078,148425,162237,197347,191491,220664,215165,138783,101220,37869,422,2563,7878,9427,8560,10554,8434,3916,2952,1762,0,0,0,1,3,6,25,77,190,223
2020/11/27,77078,148425,162237,197347,191491,220664,215165,138783,101220,37869,418,2526,7738,9208,8360,10302,8257,3831,2897,1716,0,0,0,1,3,6,25,72,186,216
2020/11/26,77078,148425,162237,197347,191491,220664,215165,138783,101220,37869,415,2492,7609,9029,8148,10080,8096,3754,2837,1686,0,0,0,1,3,6,24,67,175,195
2020/11/25,77078,148425,162237,197347,191491,220664,215165,138783,101220,37869,411,2466,7464,8862,7954,9871,7915,3673,2757,1613,0,0,0,1,3,6,22,64,164,185
2020/11/24,77078,148425,162237,197347,191491,220664,215165,138783,101220,37869,405,2417,7325,8625,7719,9602,7736,3607,2679,1564,0,0,0,1,3,6,21,61,155,180
2020/11/23,77078,148425,162237,197347,191491,220664,215165,138783,101220,37869,401,2394,7200,8445,7525,9389,7550,3541,2603,1528,0,0,0,1,3,5,20,59,140,174
2020/11/22,77078,148425,162237,197347,191491,220664,215165,138783,101220,37869,399,2366,7115,8362,7412,9273,7454,3500,2553,1503,0,0,0,1,3,4,20,59,133,168
2020/11/21,77078,148425,162237,197347,191491,220664,215165,138783,101220,37869,396,2326,7013,8189,7249,9087,7280,3433,2483,1480,0,0,0,1,3,4,20,56,128,159
2020/11/20,77078,148425,162237,197347,191491,220664,215165,138783,101220,37869,390,2277,6839,7950,6996,8749,7058,3352,2395,1410,0,0,0,1,3,4,18,51,124,145
2020/11/19,77078,148425,162237,197347,191491,220664,215165,138783,101220,37869,386,2246,6667,7731,6786,8483,6816,3256,2309,1356,0,0,0,1,3,4,18,47,120,138
2020/11/18,77078,148425,162237,197347,191491,220664,215165,138783,101220,37869,383,2203,6461,7450,6493,8122,6538,3137,2225,1310,0,0,0,1,3,4,16,43,113,130
2020/11/17,77078,148425,162237,197347,191491,220664,215165,138783,101220,37869,377,2164,6290,7156,6224,7771,6259,3013,2117,1257,0,0,0,1,3,4,15,40,103,122
2020/11/16,77078,148425,162237,197347,191491,220664,215165,138783,101220,37869,371,2123,6172,6959,6031,7581,6070,2916,2040,1206,0,0,0,1,3,4,14,39,99,117
2020/11/15,77078,148425,162237,197347,191491,220664,215165,138783,101220,37869,366,2089,6078,6815,5878,7386,5914,2837,1978,1163,0,0,0,1,3,4,14,38,92,110
2020/11/14,77078,148425,162237,197347,191491,220664,215165,138783,101220,37869,362,2060,5956,6641,5732,7193,5749,2745,1909,1127,0,0,0,1,4,4,12,34,88,107
2020/11/13,77078,148425,162237,197347,191491,220664,215165,138783,101220,37869,358,2015,5762,6331,5486,6874,5496,2639,1804,1069,0,0,0,1,4,4,11,33,87,99
2020/11/12,77078,148425,162237,197347,191491,220664,215165,138783,101220,37869,349,1950,5540,6020,5193,6484,5195,2509,1706,1012,0,0,0,1,4,3,10,32,84,90
2020/11/11,77078,148425,162237,197347,191491,220664,215165,138783,101220,37869,345,1897,5222,5601,4809,5982,4816,2341,1585,931,0,0,0,1,4,3,10,29,81,84
2020/11/10,77078,148425,162237,197347,191491,220664,215165,138783,101220,37869,341,1834,4963,5242,4464,5608,4486,2180,1468,864,0,0,0,1,4,3,10,26,76,77
2020/11/09,77078,148425,162237,197347,191491,220664,215165,138783,101220,37869,339,1811,4869,5122,4378,5488,4393,2119,1415,835,0,0,0,1,3,3,10,25,70,73
2020/11/08,77078,148425,162237,197347,191491,220664,215165,138783,101220,37869,332,1764,4662,4853,4152,5187,4155,1972,1328,787,0,0,0,1,3,3,9,24,65,67
2020/11/07,77078,148425,162237,197347,191491,220664,215165,138783,101220,37869,331,1719,4462,4574,3942,4918,3913,1823,1251,733,0,0,0,1,3,3,9,24,63,60
2020/11/06,77078,148425,162237,197347,191491,220664,215165,138783,101220,37869,323,1640,4138,4178,3596,4473,3522,1629,1141,682,0,0,0,1,3,2,9,24,60,58
2020/11/05,77078,148425,162237,197347,191491,220664,215165,138783,101220,37869,319,1579,3938,3945,3380,4194,3296,1534,1069,619,0,0,0,1,3,2,9,23,58,56
2020/11/04,77078,148425,162237,197347,191491,220664,215165,138783,101220,37869,314,1530,3720,3626,3149,3859,3050,1413,1012,589,0,0,0,1,3,2,9,23,53,47
2020/11/03,77078,148425,162237,197347,191491,220664,215165,138783,101220,37869,310,1473,3531,3377,2928,3578,2803,1290,931,553,0,0,0,1,2,2,9,22,50,43
2020/11/02,77078,148425,162237,197347,191491,220664,215165,138783,101220,37869,305,1433,3363,3201,2767,3388,2651,1198,865,520,0,0,0,1,2,2,9,21,49,37
2020/11/01,76852,147393,165007,196215,189708,225653,208070,135701,99975,37521,303,1404,3209,3096,2670,3286,2548,1156,819,503,0,0,0,1,2,2,9,20,47,34
2020/10/31,76852,147393,165007,196215,189708,225653,208070,135701,99975,37521,297,1357,3056,2955,2515,3093,2397,1088,778,479,0,0,0,1,2,2,9,18,44,34
2020/10/30,76852,147393,165007,196215,189708,225653,208070,135701,99975,37521,291,1313,2864,2756,2330,2873,2232,1001,718,442,0,0,0,1,2,2,9,17,42,33
2020/10/29,76852,147393,165007,196215,189708,225653,208070,135701,99975,37521,282,1239,2652,2564,2146,2659,2041,925,675,414,0,0,0,1,2,2,9,16,42,31
2020/10/28,76852,147393,165007,196215,189708,225653,208070,135701,99975,37521,277,1194,2528,2435,2029,2524,1904,851,631,377,0,0,0,1,1,2,9,15,40,29
2020/10/27,76852,147393,165007,196215,189708,225653,208070,135701,99975,37521,271,1110,2359,2265,1906,2323,1749,789,585,349,0,0,0,1,1,2,9,15,39,27
2020/10/26,76852,147393,165007,196215,189708,225653,208070,135701,99975,37521,271,1086,2307,2214,1865,2268,1708,756,558,332,0,0,0,1,1,2,9,15,37,25
2020/10/25,76852,147393,165007,196215,189708,225653,208070,135701,99975,37521,265,1039,2185,2102,1777,2139,1619,709,525,318,0,0,0,1,1,2,9,15,37,24
2020/10/24,76852,147393,165007,196215,189708,225653,208070,135701,99975,37521,260,1007,2089,1992,1696,2034,1516,674,495,289,0,0,0,1,1,2,9,15,37,24
2020/10/23,76852,147393,165007,196215,189708,225653,208070,135701,99975,37521,257,968,1982,1911,1626,1946,1446,635,456,257,0,0,0,1,1,2,9,15,37,24
2020/10/22,76852,147393,165007,196215,189708,225653,208070,135701,99975,37521,251,922,1874,1812,1548,1831,1347,590,427,244,0,0,0,1,1,2,9,15,36,23
2020/10/21,76852,147393,165007,196215,189708,225653,208070,135701,99975,37521,247,901,1814,1740,1482,1768,1303,563,410,224,0,0,0,1,1,2,9,15,35,23
2020/10/20,76852,147393,165007,196215,189708,225653,208070,135701,99975,37521,245,874,1754,1682,1427,1687,1237,532,383,209,0,0,0,1,1,2,8,15,34,22
2020/10/19,76852,147393,165007,196215,189708,225653,208070,135701,99975,37521,243,852,1701,1635,1374,1633,1196,515,376,202,0,0,0,1,1,2,8,15,33,22
2020/10/18,76852,147393,165007,196215,189708,225653,208070,135701,99975,37521,237,829,1679,1607,1355,1600,1162,506,363,194,0,0,0,1,1,2,8,15,32,22
2020/10/17,76852,147393,165007,196215,189708,225653,208070,135701,99975,37521,237,823,1655,1580,1328,1560,1143,496,354,193,0,0,0,1,1,2,8,15,32,22
2020/10/16,76852,147393,165007,196215,189708,225653,208070,135701,99975,37521,233,801,1601,1528,1283,1504,1095,470,340,186,0,0,0,1,1,2,8,14,32,22
2020/10/15,76852,147393,165007,196215,189708,225653,208070,135701,99975,37521,227,783,1574,1482,1260,1472,1071,457,330,172,0,0,0,1,1,2,8,14,32,22
2020/10/14,76852,147393,165007,196215,189708,225653,208070,135701,99975,37521,223,762,1543,1451,1226,1423,1040,447,322,165,0,0,0,1,1,2,8,13,32,21
2020/10/13,76852,147393,165007,196215,189708,225653,208070,135701,99975,37521,220,744,1508,1416,1202,1384,1009,437,312,149,0,0,0,1,1,2,8,13,32,21
2020/10/12,76852,147393,165007,196215,189708,225653,208070,135701,99975,37521,214,730,1476,1396,1176,1359,983,426,310,147,0,0,0,1,1,2,8,13,32,20
2020/10/11,76852,147393,165007,196215,189708,225653,208070,135701,99975,37521,211,717,1459,1379,1167,1347,974,422,304,144,0,0,0,1,1,2,8,13,32,20
2020/10/10,76852,147393,165007,196215,189708,225653,208070,135701,99975,37521,209,696,1427,1347,1144,1323,949,414,296,139,0,0,0,1,1,2,8,13,32,20
2020/10/09,76852,147393,165007,196215,189708,225653,208070,135701,99975,37521,206,676,1403,1322,1122,1300,931,407,289,133,0,0,0,1,1,2,8,13,32,20
2020/10/08,76852,147393,165007,196215,189708,225653,208070,135701,99975,37521,203,661,1377,1287,1104,1275,901,393,276,119,0,0,0,1,1,2,8,13,32,20
2020/10/07,76852,147393,165007,196215,189708,225653,208070,135701,99975,37521,201,649,1358,1251,1080,1245,882,386,269,118,0,0,0,1,1,2,8,12,31,20
