date,pop_<5,pop_5-14,pop_15-24,pop_25-34,pop_35-44,pop_45-54,pop_55-64,pop_65-74,pop_75-84,pop_>84,inf_<5,inf_5-14,inf_15-24,inf_25-34,inf_35-44,inf_45-54,inf_55-64,inf_65-74,inf_75-84,inf_>84,dea_<5,dea_5-14,dea_15-24,dea_25-34,dea_35-44,dea_45-54,dea_55-64,dea_65-74,dea_75-84,dea_>84
2021/12/06,56166,111090,126273,163636,160997,183249,187276,129216,93364,35810,2497,15783,20125,22408,22064,23542,17244,8986,7188,4534,0,1,1,2,5,33,132,329,814,1060
2021/12/05,56166,111090,126273,163636,160997,183249,187276,129216,93364,35810,2471,15677,20052,22321,21951,23453,17184,8956,7173,4529,0,1,1,2,5,33,132,329,813,1059
2021/12/04,56166,111090,126273,163636,160997,183249,187276,129216,93364,35810,2438,15590,19995,22238,21842,23364,17132,8931,7155,4520,0,1,1,2,5,33,132,329,812,1058
2021/12/03,56166,111090,126273,163636,160997,183249,187276,129216,93364,35810,2416,15443,19898,22110,21710,23242,17040,8882,7137,4503,0,1,1,2,5,33,132,328,812,1058
2021/12/02,56166,111090,126273,163636,160997,183249,187276,129216,93364,35810,2383,15273,19808,21988,21536,23110,16927,8828,7106,4492,0,1,1,2,5,33,131,326,812,1054
2021/12/01,56166,111090,126273,163636,160997,183249,187276,129216,93364,35810,2362,15143,19706,21835,21358,22974,16814,8770,7076,4483,0,1,1,2,5,33,131,326,810,1052
2021/11/30,56166,111090,126273,163636,160997,183249,187276,129216,93364,35810,2325,14921,19564,21648,21124,22744,16683,8699,7037,4479,0,1,1,2,5,33,129,325,808,1048
2021/11/29,56166,111090,126273,163636,160997,183249,187276,129216,93364,35810,2289,14527,19381,21458,20870,22531,16547,8626,6987,4469,0,1,1,2,5,33,129,324,806,1048
2021/11/28,56166,111090,126273,163636,160997,183249,187276,129216,93364,35810,2262,14310,19267,21273,20652,22337,16395,8571,6955,4457,0,1,1,2,5,33,128,322,804,1047
2021/11/27,56166,111090,126273,163636,160997,183249,187276,129216,93364,35810,2235,14077,19114,21067,20422,22121,16255,8503,6930,4455,0,1,1,2,5,33,127,318,801,1045
2021/11/26,56166,111090,126273,163636,160997,183249,187276,129216,93364,35810,2218,13886,18999,20919,20256,21974,16132,8439,6894,4449,0,1,1,2,5,32,127,317,800,1040
2021/11/25,56166,111090,126273,163636,160997,183249,187276,129216,93364,35810,2186,13591,18808,20662,19945,21703,15955,8349,6846,4437,0,1,1,2,5,32,126,314,798,1038
2021/11/24,56166,111090,126273,163636,160997,183249,187276,129216,93364,35810,2169,13394,18660,20469,19668,21465,15799,8275,6811,4433,0,1,1,2,5,32,126,313,794,1036
2021/11/23,56166,111090,126273,163636,160997,183249,187276,129216,93364,35810,2134,13016,18448,20175,19266,21168,15588,8160,6739,4420,0,1,1,2,5,31,125,312,791,1035
2021/11/22,56166,111090,126273,163636,160997,183249,187276,129216,93364,35810,2117,12486,18281,20005,19042,20959,15459,8085,6701,4415,0,1,1,2,5,31,122,310,788,1033
2021/11/21,56166,111090,126273,163636,160997,183249,187276,129216,93364,35810,2092,12334,18153,19832,18829,20766,15306,8011,6667,4404,0,1,1,2,5,31,122,308,786,1031
2021/11/20,56166,111090,126273,163636,160997,183249,187276,129216,93364,35810,2072,12120,17993,19624,18582,20546,15154,7953,6610,4387,0,1,1,2,5,31,121,308,785,1031
2021/11/19,56166,111090,126273,163636,160997,183249,187276,129216,93364,35810,2042,11911,17815,19413,18364,20315,14989,7869,6557,4376,0,1,1,2,5,31,121,308,783,1030
2021/11/18,56166,111090,126273,163636,160997,183249,187276,129216,93364,35810,2019,11709,17614,19167,18088,20081,14812,7778,6518,4364,0,1,1,2,5,30,120,308,779,1028
2021/11/17,56166,111090,126273,163636,160997,183249,187276,129216,93364,35810,1999,11526,17413,18924,17818,19841,14614,7694,6470,4349,0,1,1,2,5,30,119,308,776,1027
2021/11/16,56166,111090,126273,163636,160997,183249,187276,129216,93364,35810,1992,11445,17313,18786,17679,19682,14527,7641,6436,4338,0,1,1,2,5,30,118,307,772,1024
2021/11/15,56166,111090,126273,163636,160997,183249,187276,129216,93364,35810,1962,10705,17008,18551,17427,19455,14360,7575,6391,4325,0,1,1,2,5,30,117,306,772,1022
2021/11/14,56166,111090,126273,163636,160997,183249,187276,129216,93364,35810,1948,10573,16877,18389,17266,19294,14253,7512,6350,4313,0,1,1,2,5,30,117,306,765,1021
2021/11/13,56166,111090,126273,163636,160997,183249,187276,129216,93364,35810,1933,10454,16720,18211,17074,19128,14145,7455,6321,4305,0,1,1,2,5,30,116,306,763,1018
2021/11/12,56166,111090,126273,163636,160997,183249,187276,129216,93364,35810,1911,10306,16523,18004,16865,18934,14007,7380,6290,4298,0,1,1,2,5,30,116,306,757,1017
2021/11/11,56166,111090,126273,163636,160997,183249,187276,129216,93364,35810,1888,10165,16350,17787,16630,18737,13866,7299,6249,4290,0,1,1,2,5,30,116,306,753,1014
2021/11/10,56166,111090,126273,163636,160997,183249,187276,129216,93364,35810,1874,10080,16196,17614,16488,18571,13746,7245,6220,4281,0,1,1,2,5,30,116,304,752,1011
2021/11/09,56166,111090,126273,163636,160997,183249,187276,129216,93364,35810,1845,9915,15966,17387,16245,18359,13584,7164,6174,4270,0,1,1,2,5,30,116,304,752,1010
2021/11/08,56166,111090,126273,163636,160997,183249,187276,129216,93364,35810,1829,9549,15716,17177,16068,18197,13468,7109,6128,4266,0,1,1,2,5,30,116,302,752,1009
2021/11/07,56166,111090,126273,163636,160997,183249,187276,129216,93364,35810,1806,9449,15608,17061,15945,18102,13395,7047,6085,4253,0,1,1,2,5,30,116,300,748,1009
2021/11/06,56166,111090,126273,163636,160997,183249,187276,129216,93364,35810,1780,9293,15391,16830,15737,17904,13270,6967,6038,4237,0,1,1,2,5,30,116,299,746,1007
2021/11/05,56166,111090,126273,163636,160997,183249,187276,129216,93364,35810,1775,9264,15280,16740,15666,17835,13211,6933,6020,4230,0,1,1,2,4,30,115,299,745,1007
2021/11/04,56166,111090,126273,163636,160997,183249,187276,129216,93364,35810,1755,9121,15074,16546,15461,17647,13093,6845,5978,4224,0,1,1,2,4,30,115,299,744,1002
2021/11/03,56166,111090,126273,163636,160997,183249,187276,129216,93364,35810,1747,8903,14842,16400,15310,17502,12975,6789,5937,4211,0,1,1,2,4,30,115,299,743,1000
2021/11/02,56166,111090,126273,163636,160997,183249,187276,129216,93364,35810,1727,8799,14680,16200,15110,17307,12859,6722,5909,4206,0,1,1,2,4,30,115,299,743,998
2021/11/01,56166,111090,126273,163636,160997,183249,187276,129216,93364,35810,1717,8709,14543,16062,14952,17152,12758,6670,5877,4199,0,1,1,2,4,30,115,299,742,998
2021/10/31,56166,111090,126273,163636,160997,183249,187276,129216,93364,35810,1706,8626,14474,16005,14884,17090,12712,6638,5855,4195,0,1,1,2,4,30,115,298,740,998
2021/10/30,56166,111090,126273,163636,160997,183249,187276,129216,93364,35810,1695,8533,14367,15899,14776,16993,12645,6596,5823,4184,0,1,1,2,4,30,115,297,740,995
2021/10/29,56166,111090,126273,163636,160997,183249,187276,129216,93364,35810,1686,8455,14233,15758,14660,16901,12570,6550,5804,4182,0,1,1,2,4,30,115,296,740,995
2021/10/28,56166,111090,126273,163636,160997,183249,187276,129216,93364,35810,1677,8353,14129,15651,14537,16759,12487,6513,5776,4179,0,1,1,2,4,30,115,296,739,995
2021/10/27,56166,111090,126273,163636,160997,183249,187276,129216,93364,35810,1665,8281,14021,15532,14404,16665,12402,6474,5752,4176,0,1,1,2,4,30,114,296,739,995
2021/10/26,56166,111090,126273,163636,160997,183249,187276,129216,93364,35810,1656,8201,13947,15482,14332,16590,12364,6450,5722,4172,0,1,1,2,4,30,114,295,738,993
2021/10/25,56166,111090,126273,163636,160997,183249,187276,129216,93364,35810,1650,8134,13877,15405,14238,16496,12303,6402,5701,4165,0,1,1,2,4,30,114,294,737,992
2021/10/24,56166,111090,126273,163636,160997,183249,187276,129216,93364,35810,1643,8057,13834,15355,14185,16446,12261,6379,5674,4156,0,1,1,1,4,30,114,292,736,991
2021/10/23,56166,111090,126273,163636,160997,183249,187276,129216,93364,35810,1633,7996,13764,15280,14122,16387,12215,6351,5661,4149,0,1,1,1,4,30,114,292,736,990
2021/10/22,56166,111090,126273,163636,160997,183249,187276,129216,93364,35810,1628,7943,13657,15211,14034,16306,12161,6309,5641,4143,0,1,1,1,4,30,114,292,736,988
2021/10/21,56166,111090,126273,163636,160997,183249,187276,129216,93364,35810,1623,7884,13586,15126,13967,16245,12121,6265,5618,4138,0,1,1,1,4,30,114,292,736,988
2021/10/20,56166,111090,126273,163636,160997,183249,187276,129216,93364,35810,1612,7815,13506,15050,13912,16172,12069,6230,5600,4133,0,1,1,1,4,30,114,292,735,985
2021/10/19,56166,111090,126273,163636,160997,183249,187276,129216,93364,35810,1604,7737,13428,14975,13827,16109,12016,6209,5584,4125,0,1,1,1,4,30,114,292,735,984
2021/10/18,56166,111090,126273,163636,160997,183249,187276,129216,93364,35810,1599,7599,13322,14911,13777,16046,11967,6198,5570,4124,0,1,1,1,4,30,113,292,735,983
2021/10/17,56166,111090,126273,163636,160997,183249,187276,129216,93364,35810,1595,7552,13265,14868,13744,16010,11945,6189,5558,4115,0,1,1,1,4,30,113,292,735,983
2021/10/16,56166,111090,126273,163636,160997,183249,187276,129216,93364,35810,1593,7521,13216,14838,13705,15982,11910,6177,5551,4112,0,1,1,1,4,30,113,292,733,980
2021/10/15,56166,111090,126273,163636,160997,183249,187276,129216,93364,35810,1588,7467,13142,14786,13650,15933,11877,6164,5542,4110,0,1,1,1,4,30,112,292,732,977
2021/10/14,56166,111090,126273,163636,160997,183249,187276,129216,93364,35810,1575,7428,13065,14715,13604,15875,11847,6148,5530,4101,0,1,1,1,4,30,112,292,731,977
2021/10/13,56166,111090,126273,163636,160997,183249,187276,129216,93364,35810,1572,7403,13002,14661,13549,15837,11822,6144,5524,4098,0,1,1,1,4,30,112,292,730,977
2021/10/12,56166,111090,126273,163636,160997,183249,187276,129216,93364,35810,1569,7357,12944,14609,13502,15797,11793,6129,5516,4094,0,1,1,1,4,30,112,292,729,977
2021/10/11,56166,111090,126273,163636,160997,183249,187276,129216,93364,35810,1564,7236,12855,14551,13444,15748,11774,6113,5507,4089,0,1,1,1,4,30,112,291,729,975
2021/10/10,56166,111090,126273,163636,160997,183249,187276,129216,93364,35810,1562,7218,12832,14530,13419,15731,11762,6107,5495,4088,0,1,1,1,4,30,112,290,729,972
2021/10/09,56166,111090,126273,163636,160997,183249,187276,129216,93364,35810,1559,7193,12795,14503,13399,15713,11742,6098,5486,4085,0,1,1,1,4,30,112,290,727,972
2021/10/08,56166,111090,126273,163636,160997,183249,187276,129216,93364,35810,1552,7152,12735,14451,13358,15668,11721,6092,5482,4077,0,1,1,1,4,29,112,290,727,972
2021/10/07,56166,111090,126273,163636,160997,183249,187276,129216,93364,35810,1550,7115,12686,14406,13331,15629,11705,6085,5479,4072,0,1,1,1,4,29,112,290,727,972
2021/10/06,56166,111090,126273,163636,160997,183249,187276,129216,93364,35810,1542,7077,12623,14349,13287,15576,11675,6067,5471,4069,0,1,1,1,4,29,112,290,726,971
2021/10/05,56166,111090,126273,163636,160997,183249,187276,129216,93364,35810,1532,7044,12576,14302,13248,15538,11649,6050,5464,4067,0,1,1,1,4,29,112,290,726,971
2021/10/04,56166,111090,126273,163636,160997,183249,187276,129216,93364,35810,1524,6919,12478,14244,13190,15490,11627,6037,5457,4059,0,1,1,1,4,29,111,290,726,970
2021/10/03,56166,111090,126273,163636,160997,183249,187276,129216,93364,35810,1518,6879,12450,14208,13168,15464,11611,6032,5452,4058,0,1,1,1,4,29,111,289,726,970
2021/10/02,56166,111090,126273,163636,160997,183249,187276,129216,93364,35810,1515,6828,12425,14191,13135,15446,11599,6018,5448,4044,0,1,1,1,4,29,111,289,726,970
2021/10/01,56166,111090,126273,163636,160997,183249,187276,129216,93364,35810,1509,6778,12385,14147,13101,15411,11579,6006,5438,4041,0,1,1,1,4,29,111,289,725,969
2021/09/30,56166,111090,126273,163636,160997,183249,187276,129216,93364,35810,1501,6735,12327,14100,13054,15383,11562,5995,5424,4040,0,1,1,1,4,29,111,288,725,969
2021/09/29,56166,111090,126273,163636,160997,183249,187276,129216,93364,35810,1497,6707,12280,14071,13029,15349,11538,5989,5417,4033,0,1,1,1,4,29,111,288,725,968
2021/09/28,56166,111090,126273,163636,160997,183249,187276,129216,93364,35810,1486,6668,12227,14037,12981,15320,11516,5984,5415,4032,0,1,1,1,4,29,111,288,724,968
2021/09/27,56166,111090,126273,163636,160997,183249,187276,129216,93364,35810,1475,6558,12176,14001,12945,15291,11504,5976,5409,4032,0,1,1,1,4,28,111,288,723,968
2021/09/26,56166,111090,126273,163636,160997,183249,187276,129216,93364,35810,1472,6520,12146,13961,12921,15268,11493,5972,5405,4030,0,1,1,1,4,28,111,288,723,968
2021/09/25,56166,111090,126273,163636,160997,183249,187276,129216,93364,35810,1461,6485,12123,13943,12905,15247,11486,5967,5403,4029,0,1,1,1,4,28,110,288,723,968
2021/09/24,56166,111090,126273,163636,160997,183249,187276,129216,93364,35810,1457,6461,12095,13902,12873,15225,11478,5964,5399,4025,0,1,1,1,4,28,110,288,722,968
2021/09/23,56166,111090,126273,163636,160997,183249,187276,129216,93364,35810,1442,6427,12057,13855,12844,15200,11469,5959,5395,4022,0,1,1,1,4,28,110,288,722,968
2021/09/22,56166,111090,126273,163636,160997,183249,187276,129216,93364,35810,1439,6391,12032,13822,12812,15171,11453,5954,5390,4021,0,1,1,1,4,28,110,288,722,968
2021/09/21,56166,111090,126273,163636,160997,183249,187276,129216,93364,35810,1436,6353,12004,13783,12783,15142,11436,5953,5387,4019,0,1,1,1,4,28,110,288,722,968
2021/09/20,56166,111090,126273,163636,160997,183249,187276,129216,93364,35810,1430,6299,11982,13749,12756,15117,11429,5944,5384,4017,0,1,1,1,4,28,110,288,722,968
2021/09/19,56166,111090,126273,163636,160997,183249,187276,129216,93364,35810,1424,6284,11965,13728,12747,15104,11419,5939,5383,4015,0,1,1,1,4,28,110,286,721,968
2021/09/18,56166,111090,126273,163636,160997,183249,187276,129216,93364,35810,1416,6246,11947,13707,12729,15082,11413,5932,5378,4014,0,1,1,1,4,28,110,286,721,967
2021/09/17,56166,111090,126273,163636,160997,183249,187276,129216,93364,35810,1407,6211,11926,13662,12687,15056,11402,5926,5374,4013,0,1,1,1,4,28,110,286,721,967
2021/09/16,56166,111090,126273,163636,160997,183249,187276,129216,93364,35810,1395,6166,11879,13619,12654,15032,11390,5915,5371,4011,0,1,1,1,4,28,110,286,721,967
2021/09/15,56166,111090,126273,163636,160997,183249,187276,129216,93364,35810,1388,6099,11833,13586,12618,15005,11373,5910,5365,4011,0,1,1,1,4,28,110,286,721,967
2021/09/14,56166,111090,126273,163636,160997,183249,187276,129216,93364,35810,1385,6057,11803,13549,12585,14981,11351,5901,5361,4010,0,1,1,1,4,28,110,286,720,967
2021/09/13,56166,111090,126273,163636,160997,183249,187276,129216,93364,35810,1378,6005,11765,13512,12545,14945,11335,5896,5358,4004,0,1,1,1,4,28,110,285,720,966
2021/09/12,56166,111090,126273,163636,160997,183249,187276,129216,93364,35810,1368,5972,11729,13486,12518,14917,11315,5891,5357,4003,0,1,1,1,4,28,110,285,719,965
2021/09/11,56166,111090,126273,163636,160997,183249,187276,129216,93364,35810,1359,5941,11706,13461,12502,14903,11308,5884,5357,4003,0,1,1,1,4,28,110,285,718,965
2021/09/10,56166,111090,126273,163636,160997,183249,187276,129216,93364,35810,1356,5915,11665,13427,12468,14882,11292,5880,5351,4000,0,1,1,1,4,28,110,284,717,965
2021/09/09,56166,111090,126273,163636,160997,183249,187276,129216,93364,35810,1351,5883,11609,13391,12428,14853,11268,5874,5348,3999,0,1,1,1,4,28,109,284,716,964
2021/09/08,56166,111090,126273,163636,160997,183249,187276,129216,93364,35810,1347,5858,11564,13347,12396,14824,11252,5868,5345,3998,0,1,1,1,4,28,109,284,716,964
2021/09/07,56166,111090,126273,163636,160997,183249,187276,129216,93364,35810,1326,5815,11525,13313,12357,14800,11239,5866,5343,3997,0,1,1,1,4,28,109,284,716,964
2021/09/06,56166,111090,126273,163636,160997,183249,187276,129216,93364,35810,1320,5791,11482,13267,12323,14780,11229,5863,5340,3994,0,1,1,1,4,28,109,284,716,963
2021/09/05,56166,111090,126273,163636,160997,183249,187276,129216,93364,35810,1311,5768,11456,13245,12293,14760,11214,5857,5336,3994,0,1,1,1,4,28,109,283,716,963
2021/09/04,56166,111090,126273,163636,160997,183249,187276,129216,93364,35810,1306,5755,11436,13229,12280,14752,11201,5851,5333,3992,0,1,1,1,4,28,109,283,716,963
2021/09/03,56166,111090,126273,163636,160997,183249,187276,129216,93364,35810,1296,5726,11386,13200,12255,14724,11187,5846,5329,3991,0,1,1,1,4,28,108,282,716,963
2021/09/02,56166,111090,126273,163636,160997,183249,187276,129216,93364,35810,1289,5710,11350,13157,12229,14709,11173,5841,5324,3985,0,1,1,1,4,28,108,282,716,963
2021/09/01,56166,111090,126273,163636,160997,183249,187276,129216,93364,35810,1282,5693,11320,13121,12201,14691,11164,5838,5320,3985,0,1,1,1,4,27,108,282,716,963
2021/08/31,56166,111090,126273,163636,160997,183249,187276,129216,93364,35810,1276,5668,11284,13084,12170,14667,11144,5834,5317,3983,0,1,1,1,4,27,108,282,716,963
2021/08/30,56166,111090,126273,163636,160997,183249,187276,129216,93364,35810,1272,5646,11254,13055,12146,14645,11133,5829,5312,3982,0,1,1,1,4,27,108,282,716,962
2021/08/29,56166,111090,126273,163636,160997,183249,187276,129216,93364,35810,1270,5630,11229,13024,12129,14639,11125,5824,5308,3981,0,1,1,1,4,27,108,282,716,962
2021/08/28,56166,111090,126273,163636,160997,183249,187276,129216,93364,35810,1265,5615,11214,13008,12113,14632,11123,5823,5305,3980,0,1,1,1,4,27,108,282,716,961
2021/08/27,56166,111090,126273,163636,160997,183249,187276,129216,93364,35810,1260,5597,11174,12975,12095,14610,11116,5820,5303,3979,0,1,1,1,4,27,108,282,714,961
2021/08/26,56166,111090,126273,163636,160997,183249,187276,129216,93364,35810,1253,5583,11140,12946,12074,14598,11101,5816,5301,3975,0,1,1,1,4,27,108,282,713,961
2021/08/25,56166,111090,126273,163636,160997,183249,187276,129216,93364,35810,1252,5560,11104,12905,12048,14577,11095,5811,5297,3973,0,1,1,1,4,27,108,282,713,961
2021/08/24,56166,111090,126273,163636,160997,183249,187276,129216,93364,35810,1237,5534,11077,12866,12027,14558,11084,5808,5296,3973,0,1,1,1,4,27,108,282,713,961
2021/08/23,56166,111090,126273,163636,160997,183249,187276,129216,93364,35810,1232,5517,11032,12829,12009,14531,11069,5805,5295,3972,0,1,1,1,4,27,108,282,713,961
2021/08/22,56166,111090,126273,163636,160997,183249,187276,129216,93364,35810,1231,5509,11014,12806,11991,14523,11060,5804,5295,3969,0,1,1,1,4,27,108,282,713,961
2021/08/21,56166,111090,126273,163636,160997,183249,187276,129216,93364,35810,1228,5485,10980,12771,11973,14508,11055,5802,5295,3968,0,1,1,1,4,27,107,282,713,961
2021/08/20,56166,111090,126273,163636,160997,183249,187276,129216,93364,35810,1221,5468,10952,12750,11958,14498,11047,5797,5293,3968,0,1,1,1,4,27,107,282,712,961
2021/08/19,56166,111090,126273,163636,160997,183249,187276,129216,93364,35810,1214,5450,10903,12713,11935,14482,11041,5795,5293,3968,0,1,1,1,4,27,107,282,712,961
2021/08/18,56166,111090,126273,163636,160997,183249,187276,129216,93364,35810,1206,5428,10850,12679,11914,14468,11031,5790,5290,3967,0,1,1,1,4,27,107,282,712,961
2021/08/17,56166,111090,126273,163636,160997,183249,187276,129216,93364,35810,1204,5415,10819,12644,11903,14455,11021,5786,5290,3966,0,1,1,1,4,27,107,282,712,961
2021/08/16,56166,111090,126273,163636,160997,183249,187276,129216,93364,35810,1201,5401,10777,12612,11878,14440,11015,5784,5289,3966,0,1,1,1,4,27,107,282,712,961
2021/08/15,56166,111090,126273,163636,160997,183249,187276,129216,93364,35810,1199,5388,10746,12578,11864,14434,11013,5784,5288,3966,0,1,1,1,4,27,107,282,712,961
2021/08/14,56166,111090,126273,163636,160997,183249,187276,129216,93364,35810,1199,5377,10722,12553,11852,14422,11009,5782,5286,3966,0,1,1,1,4,27,107,282,712,961
2021/08/13,56166,111090,126273,163636,160997,183249,187276,129216,93364,35810,1198,5371,10682,12531,11840,14407,11003,5782,5286,3966,0,1,1,1,4,27,107,282,712,961
2021/08/12,56166,111090,126273,163636,160997,183249,187276,129216,93364,35810,1197,5361,10631,12500,11830,14397,10994,5780,5283,3965,0,1,1,1,4,27,107,281,712,961
2021/08/11,56166,111090,126273,163636,160997,183249,187276,129216,93364,35810,1194,5352,10596,12471,11814,14390,10988,5780,5283,3965,0,1,1,1,4,27,107,281,711,961
2021/08/10,56166,111090,126273,163636,160997,183249,187276,129216,93364,35810,1193,5339,10570,12453,11801,14377,10983,5777,5282,3965,0,1,1,1,4,27,107,281,711,961
2021/08/09,56166,111090,126273,163636,160997,183249,187276,129216,93364,35810,1193,5334,10547,12428,11786,14370,10973,5776,5281,3965,0,1,1,1,4,27,107,281,711,960
2021/08/08,56166,111090,126273,163636,160997,183249,187276,129216,93364,35810,1193,5330,10536,12411,11782,14361,10968,5775,5280,3964,0,1,1,1,4,27,107,281,711,960
2021/08/07,56166,111090,126273,163636,160997,183249,187276,129216,93364,35810,1193,5328,10530,12404,11772,14358,10965,5775,5280,3964,0,1,1,1,4,27,107,281,711,960
2021/08/06,56166,111090,126273,163636,160997,183249,187276,129216,93364,35810,1190,5323,10510,12391,11762,14352,10964,5774,5278,3963,0,1,1,1,4,27,107,281,711,960
2021/08/05,56166,111090,126273,163636,160997,183249,187276,129216,93364,35810,1188,5320,10493,12376,11751,14347,10961,5772,5277,3963,0,1,1,1,4,27,107,281,711,960
2021/08/04,56166,111090,126273,163636,160997,183249,187276,129216,93364,35810,1186,5318,10474,12359,11741,14336,10953,5771,5276,3963,0,1,1,1,4,27,107,281,711,960
2021/08/03,56166,111090,126273,163636,160997,183249,187276,129216,93364,35810,1186,5317,10458,12342,11733,14330,10948,5770,5275,3963,0,1,1,1,4,27,107,281,710,960
2021/08/02,56166,111090,126273,163636,160997,183249,187276,129216,93364,35810,1185,5315,10444,12325,11723,14325,10947,5766,5275,3962,0,1,1,1,4,27,107,281,710,960
2021/08/01,56166,111090,126273,163636,160997,183249,187276,129216,93364,35810,1185,5312,10421,12316,11719,14323,10944,5763,5273,3962,0,1,1,1,4,27,107,281,710,960
2021/07/31,56166,111090,126273,163636,160997,183249,187276,129216,93364,35810,1184,5311,10406,12307,11715,14315,10941,5763,5273,3962,0,1,1,1,4,27,107,281,710,960
2021/07/30,56166,111090,126273,163636,160997,183249,187276,129216,93364,35810,1184,5304,10389,12292,11711,14311,10940,5763,5271,3962,0,1,1,1,4,27,107,281,710,960
2021/07/29,56166,111090,126273,163636,160997,183249,187276,129216,93364,35810,1183,5302,10362,12275,11704,14302,10937,5761,5270,3962,0,1,1,1,4,27,107,281,710,960
2021/07/28,56166,111090,126273,163636,160997,183249,187276,129216,93364,35810,1180,5301,10332,12254,11700,14297,10935,5758,5269,3962,0,1,1,1,4,27,107,281,710,960
2021/07/27,56166,111090,126273,163636,160997,183249,187276,129216,93364,35810,1180,5299,10299,12237,11699,14294,10931,5758,5267,3962,0,1,1,1,4,27,107,281,710,960
2021/07/26,56166,111090,126273,163636,160997,183249,187276,129216,93364,35810,1178,5297,10269,12212,11692,14288,10927,5758,5267,3962,0,1,1,1,4,27,107,281,710,960
2021/07/25,56166,111090,126273,163636,160997,183249,187276,129216,93364,35810,1176,5296,10249,12210,11686,14284,10924,5758,5267,3962,0,1,1,1,4,27,107,281,710,960
2021/07/24,56166,111090,126273,163636,160997,183249,187276,129216,93364,35810,1175,5296,10242,12207,11684,14280,10923,5758,5267,3962,0,1,1,1,4,27,107,281,710,960
2021/07/23,56166,111090,126273,163636,160997,183249,187276,129216,93364,35810,1175,5296,10234,12205,11681,14276,10922,5758,5267,3962,0,1,1,1,4,26,107,281,710,960
2021/07/22,56166,111090,126273,163636,160997,183249,187276,129216,93364,35810,1175,5292,10225,12198,11677,14269,10921,5756,5267,3962,0,1,1,1,4,26,107,281,710,960
2021/07/21,56166,111090,126273,163636,160997,183249,187276,129216,93364,35810,1175,5289,10205,12184,11670,14266,10915,5756,5267,3961,0,1,1,1,4,26,107,281,710,959
2021/07/20,56166,111090,126273,163636,160997,183249,187276,129216,93364,35810,1174,5284,10187,12170,11660,14260,10909,5754,5267,3961,0,1,1,1,4,26,107,281,710,959
2021/07/19,56166,111090,126273,163636,160997,183249,187276,129216,93364,35810,1174,5283,10183,12167,11659,14258,10908,5754,5267,3961,0,1,1,1,4,26,107,281,710,959
2021/07/18,56166,111090,126273,163636,160997,183249,187276,129216,93364,35810,1174,5281,10176,12163,11657,14251,10905,5754,5267,3961,0,1,1,1,4,26,107,281,710,959
2021/07/17,56166,111090,126273,163636,160997,183249,187276,129216,93364,35810,1174,5280,10146,12150,11652,14247,10904,5751,5267,3961,0,1,1,1,4,26,107,281,710,959
2021/07/16,56166,111090,126273,163636,160997,183249,187276,129216,93364,35810,1174,5279,10112,12138,11650,14245,10902,5750,5267,3960,0,1,1,1,4,26,107,281,710,959
2021/07/15,56166,111090,126273,163636,160997,183249,187276,129216,93364,35810,1174,5277,10081,12129,11646,14241,10900,5749,5267,3959,0,1,1,1,4,26,107,281,710,959
2021/07/14,56166,111090,126273,163636,160997,183249,187276,129216,93364,35810,1171,5276,10059,12124,11643,14237,10899,5749,5267,3959,0,1,1,1,4,26,107,281,710,959
2021/07/13,56166,111090,126273,163636,160997,183249,187276,129216,93364,35810,1171,5276,10054,12120,11643,14236,10899,5749,5267,3959,0,1,1,1,4,26,107,281,710,959
2021/07/12,56166,111090,126273,163636,160997,183249,187276,129216,93364,35810,1171,5276,10038,12114,11642,14232,10896,5748,5267,3958,0,1,1,1,4,26,107,281,710,959
2021/07/11,56166,111090,126273,163636,160997,183249,187276,129216,93364,35810,1171,5275,10018,12107,11639,14228,10892,5746,5267,3958,0,1,1,1,4,26,107,281,710,959
2021/07/10,56166,111090,126273,163636,160997,183249,187276,129216,93364,35810,1171,5274,10005,12104,11637,14225,10891,5746,5266,3958,0,1,1,1,4,26,107,281,710,959
2021/07/09,56166,111090,126273,163636,160997,183249,187276,129216,93364,35810,1171,5274,9995,12101,11633,14225,10890,5746,5266,3958,0,1,1,1,4,26,107,281,710,959
2021/07/08,56166,111090,126273,163636,160997,183249,187276,129216,93364,35810,1171,5273,9985,12095,11629,14224,10890,5746,5266,3958,0,1,1,1,4,26,107,281,710,959
2021/07/07,56166,111090,126273,163636,160997,183249,187276,129216,93364,35810,1171,5273,9979,12090,11628,14224,10889,5746,5266,3958,0,1,1,1,4,26,107,281,710,959
2021/07/06,56166,111090,126273,163636,160997,183249,187276,129216,93364,35810,1171,5273,9972,12089,11627,14224,10889,5746,5266,3958,0,1,1,1,4,26,107,281,710,959
2021/07/05,56166,111090,126273,163636,160997,183249,187276,129216,93364,35810,1171,5273,9970,12088,11625,14222,10887,5746,5266,3958,0,1,1,1,4,26,107,281,710,959
2021/07/04,56166,111090,126273,163636,160997,183249,187276,129216,93364,35810,1171,5271,9966,12088,11625,14222,10887,5746,5266,3958,0,1,1,1,4,26,107,281,710,959
2021/07/03,56166,111090,126273,163636,160997,183249,187276,129216,93364,35810,1171,5271,9966,12087,11624,14221,10887,5746,5266,3958,0,1,1,1,4,26,107,281,710,959
2021/07/02,56166,111090,126273,163636,160997,183249,187276,129216,93364,35810,1171,5270,9964,12086,11624,14221,10887,5745,5265,3958,0,1,1,1,4,26,107,281,710,959
2021/07/01,56166,111090,126273,163636,160997,183249,187276,129216,93364,35810,1171,5270,9963,12084,11624,14221,10886,5745,5265,3958,0,1,1,1,4,26,107,281,710,959
2021/06/30,56166,111090,126273,163636,160997,183249,187276,129216,93364,35810,1171,5270,9962,12083,11624,14220,10885,5745,5265,3958,0,1,0,1,4,26,107,281,710,959
2021/06/29,56166,111090,126273,163636,160997,183249,187276,129216,93364,35810,1171,5270,9960,12083,11624,14219,10885,5744,5265,3958,0,1,0,1,4,26,107,281,710,959
2021/06/28,56166,111090,126273,163636,160997,183249,187276,129216,93364,35810,1171,5270,9958,12081,11624,14219,10884,5744,5264,3958,0,1,0,1,4,26,107,281,710,959
2021/06/27,56166,111090,126273,163636,160997,183249,187276,129216,93364,35810,1171,5270,9956,12079,11624,14218,10882,5744,5263,3958,0,1,0,1,4,26,107,281,710,959
2021/06/26,56166,111090,126273,163636,160997,183249,187276,129216,93364,35810,1171,5270,9956,12079,11623,14218,10882,5743,5263,3958,0,1,0,1,4,26,107,281,710,959
2021/06/25,56166,111090,126273,163636,160997,183249,187276,129216,93364,35810,1171,5270,9956,12078,11622,14218,10882,5743,5263,3958,0,1,0,1,4,26,107,281,710,959
2021/06/24,56166,111090,126273,163636,160997,183249,187276,129216,93364,35810,1171,5270,9955,12075,11622,14216,10879,5742,5263,3958,0,1,0,1,4,26,107,281,710,959
2021/06/23,56166,111090,126273,163636,160997,183249,187276,129216,93364,35810,1171,5270,9954,12075,11621,14216,10879,5742,5262,3958,0,1,0,1,4,26,107,281,710,959
2021/06/22,56166,111090,126273,163636,160997,183249,187276,129216,93364,35810,1170,5270,9951,12075,11621,14216,10879,5742,5262,3957,0,1,0,1,4,26,107,281,710,958
2021/06/21,56166,111090,126273,163636,160997,183249,187276,129216,93364,35810,1170,5270,9949,12075,11621,14216,10878,5741,5262,3957,0,1,0,1,4,26,107,281,710,958
2021/06/20,56166,111090,126273,163636,160997,183249,187276,129216,93364,35810,1170,5269,9948,12071,11621,14214,10878,5741,5262,3957,0,1,0,1,4,26,107,281,710,958
2021/06/19,56166,111090,126273,163636,160997,183249,187276,129216,93364,35810,1169,5268,9946,12070,11621,14213,10878,5741,5262,3957,0,1,0,1,4,26,107,281,710,958
2021/06/18,56166,111090,126273,163636,160997,183249,187276,129216,93364,35810,1169,5268,9945,12066,11620,14212,10878,5741,5262,3957,0,1,0,1,4,26,107,281,709,958
2021/06/17,56166,111090,126273,163636,160997,183249,187276,129216,93364,35810,1169,5267,9944,12065,11619,14212,10878,5740,5262,3957,0,1,0,1,4,26,107,280,709,957
2021/06/16,56166,111090,126273,163636,160997,183249,187276,129216,93364,35810,1169,5265,9942,12065,11618,14211,10877,5740,5262,3957,0,1,0,1,4,26,107,280,709,957
2021/06/15,56166,111090,126273,163636,160997,183249,187276,129216,93364,35810,1169,5264,9942,12064,11618,14208,10877,5740,5262,3957,0,1,0,1,4,26,107,280,709,957
2021/06/14,56166,111090,126273,163636,160997,183249,187276,129216,93364,35810,1168,5262,9939,12063,11618,14205,10875,5739,5259,3956,0,1,0,1,4,26,107,280,709,957
2021/06/13,56166,111090,126273,163636,160997,183249,187276,129216,93364,35810,1168,5261,9937,12061,11617,14204,10875,5739,5259,3956,0,1,0,1,4,26,107,280,709,957
2021/06/12,56166,111090,126273,163636,160997,183249,187276,129216,93364,35810,1168,5260,9935,12061,11617,14202,10875,5739,5259,3956,0,1,0,1,4,26,107,278,709,957
2021/06/11,56166,111090,126273,163636,160997,183249,187276,129216,93364,35810,1167,5256,9934,12060,11616,14202,10874,5738,5259,3956,0,1,0,1,4,26,107,278,709,957
2021/06/10,56166,111090,126273,163636,160997,183249,187276,129216,93364,35810,1167,5256,9933,12058,11613,14196,10869,5738,5259,3956,0,1,0,1,4,26,107,278,709,957
2021/06/09,56166,111090,126273,163636,160997,183249,187276,129216,93364,35810,1167,5255,9932,12056,11613,14196,10868,5738,5259,3956,0,1,0,1,4,26,107,278,709,957
2021/06/08,56166,111090,126273,163636,160997,183249,187276,129216,93364,35810,1166,5252,9927,12053,11608,14192,10864,5737,5259,3955,0,1,0,1,4,26,107,278,709,957
2021/06/07,56166,111090,126273,163636,160997,183249,187276,129216,93364,35810,1163,5249,9913,12048,11604,14188,10860,5737,5258,3952,0,1,0,1,4,26,107,278,709,957
2021/06/06,56166,111090,126273,163636,160997,183249,187276,129216,93364,35810,1162,5245,9907,12044,11599,14186,10859,5734,5257,3951,0,1,0,1,4,26,107,277,709,957
2021/06/05,56166,111090,126273,163636,160997,183249,187276,129216,93364,35810,1159,5237,9895,12039,11590,14181,10854,5731,5256,3951,0,1,0,1,4,26,107,277,708,956
2021/06/04,56166,111090,126273,163636,160997,183249,187276,129216,93364,35810,1158,5234,9891,12037,11586,14176,10851,5729,5256,3951,0,1,0,1,4,26,107,276,708,956
2021/06/03,56166,111090,126273,163636,160997,183249,187276,129216,93364,35810,1158,5225,9883,12035,11583,14166,10851,5728,5256,3950,0,1,0,1,4,26,107,276,708,956
2021/06/02,56166,111090,126273,163636,160997,183249,187276,129216,93364,35810,1155,5221,9879,12029,11575,14155,10847,5727,5253,3949,0,1,0,1,4,26,107,276,707,956
2021/06/01,56166,111090,126273,163636,160997,183249,187276,129216,93364,35810,1154,5220,9869,12025,11570,14147,10843,5726,5252,3948,0,1,0,1,4,26,106,276,707,956
2021/05/31,56166,111090,126273,163636,160997,183249,187276,129216,93364,35810,1148,5209,9861,12016,11563,14144,10839,5726,5252,3947,0,1,0,1,4,26,106,276,706,956
2021/05/30,56166,111090,126273,163636,160997,183249,187276,129216,93364,35810,1145,5205,9856,12012,11556,14131,10833,5725,5250,3945,0,1,0,1,4,26,106,276,706,956
2021/05/29,56166,111090,126273,163636,160997,183249,187276,129216,93364,35810,1141,5200,9845,12006,11552,14124,10830,5722,5250,3945,0,1,0,1,4,25,106,276,705,956
2021/05/28,56166,111090,126273,163636,160997,183249,187276,129216,93364,35810,1140,5188,9835,11994,11542,14112,10825,5720,5250,3941,0,1,0,1,4,25,105,275,705,956
2021/05/27,56166,111090,126273,163636,160997,183249,187276,129216,93364,35810,1138,5187,9825,11986,11535,14102,10821,5720,5249,3941,0,1,0,1,4,25,105,275,705,956
2021/05/26,56166,111090,126273,163636,160997,183249,187276,129216,93364,35810,1131,5178,9812,11982,11526,14092,10820,5718,5249,3940,0,1,0,1,4,25,105,275,705,956
2021/05/25,56166,111090,126273,163636,160997,183249,187276,129216,93364,35810,1127,5168,9801,11975,11506,14072,10806,5717,5249,3940,0,1,0,1,4,25,105,275,705,955
2021/05/24,56166,111090,126273,163636,160997,183249,187276,129216,93364,35810,1127,5162,9797,11966,11497,14059,10802,5717,5247,3938,0,1,0,1,4,25,105,275,703,955
2021/05/23,56166,111090,126273,163636,160997,183249,187276,129216,93364,35810,1124,5155,9786,11960,11489,14053,10792,5715,5247,3938,0,1,0,1,4,25,104,275,703,955
2021/05/22,56166,111090,126273,163636,160997,183249,187276,129216,93364,35810,1123,5150,9776,11951,11484,14048,10789,5713,5247,3937,0,1,0,1,4,25,103,275,703,955
2021/05/21,56166,111090,126273,163636,160997,183249,187276,129216,93364,35810,1120,5141,9767,11940,11472,14035,10780,5710,5245,3935,0,1,0,1,4,25,103,275,703,954
2021/05/20,56166,111090,126273,163636,160997,183249,187276,129216,93364,35810,1115,5129,9751,11915,11458,14019,10769,5708,5243,3933,0,1,0,1,4,25,103,275,702,954
2021/05/19,56166,111090,126273,163636,160997,183249,187276,129216,93364,35810,1112,5109,9734,11895,11449,14006,10761,5700,5242,3933,0,1,0,1,4,25,103,275,702,953
2021/05/18,56166,111090,126273,163636,160997,183249,187276,129216,93364,35810,1109,5098,9717,11882,11434,13984,10747,5697,5241,3932,0,1,0,1,4,25,103,275,702,953
2021/05/17,56166,111090,126273,163636,160997,183249,187276,129216,93364,35810,1104,5078,9707,11862,11420,13960,10737,5696,5238,3930,0,1,0,1,4,25,103,274,702,953
2021/05/16,56166,111090,126273,163636,160997,183249,187276,129216,93364,35810,1101,5070,9703,11848,11401,13942,10723,5692,5237,3928,0,1,0,1,4,25,103,274,702,953
2021/05/15,56166,111090,126273,163636,160997,183249,187276,129216,93364,35810,1093,5062,9687,11834,11384,13929,10711,5692,5237,3927,0,1,0,1,4,25,102,274,702,952
2021/05/14,56166,111090,126273,163636,160997,183249,187276,129216,93364,35810,1090,5047,9674,11813,11362,13918,10699,5685,5230,3924,0,1,0,1,4,25,102,273,702,952
2021/05/13,56166,111090,126273,163636,160997,183249,187276,129216,93364,35810,1082,5034,9656,11794,11346,13907,10692,5682,5230,3921,0,1,0,1,4,25,101,271,702,952
2021/05/12,56166,111090,126273,163636,160997,183249,187276,129216,93364,35810,1078,5020,9633,11775,11328,13885,10679,5677,5226,3921,0,1,0,1,4,25,101,271,701,952
2021/05/11,56166,111090,126273,163636,160997,183249,187276,129216,93364,35810,1073,4994,9608,11743,11301,13851,10664,5665,5220,3920,0,1,0,1,4,25,101,271,701,951
2021/05/10,56166,111090,126273,163636,160997,183249,187276,129216,93364,35810,1063,4961,9575,11721,11274,13817,10645,5656,5217,3914,0,1,0,1,4,25,101,270,700,951
2021/05/09,56166,111090,126273,163636,160997,183249,187276,129216,93364,35810,1060,4943,9559,11693,11249,13801,10618,5651,5216,3913,0,1,0,1,4,25,101,269,699,950
2021/05/08,56166,111090,126273,163636,160997,183249,187276,129216,93364,35810,1057,4914,9537,11667,11223,13778,10588,5650,5211,3911,0,1,0,1,4,25,101,269,699,950
2021/05/07,56166,111090,126273,163636,160997,183249,187276,129216,93364,35810,1054,4889,9509,11640,11193,13752,10567,5642,5208,3907,0,1,0,1,4,25,101,269,699,950
2021/05/06,56166,111090,126273,163636,160997,183249,187276,129216,93364,35810,1049,4858,9475,11599,11166,13722,10532,5630,5202,3900,0,1,0,1,4,25,101,269,697,948
2021/05/05,56166,111090,126273,163636,160997,183249,187276,129216,93364,35810,1040,4811,9432,11561,11125,13673,10495,5612,5192,3893,0,1,0,1,4,25,100,268,696,947
2021/05/04,56166,111090,126273,163636,160997,183249,187276,129216,93364,35810,1034,4779,9382,11521,11076,13622,10463,5597,5185,3888,0,1,0,1,4,25,100,268,695,947
2021/05/03,56166,111090,126273,163636,160997,183249,187276,129216,93364,35810,1022,4742,9329,11498,11022,13578,10429,5573,5169,3886,0,1,0,1,4,25,100,265,693,947
2021/05/02,56166,111090,126273,163636,160997,183249,187276,129216,93364,35810,1017,4708,9297,11468,10976,13534,10394,5559,5164,3882,0,1,0,1,4,25,99,265,689,944
2021/05/01,56166,111090,126273,163636,160997,183249,187276,129216,93364,35810,1012,4676,9267,11443,10952,13496,10364,5550,5162,3880,0,1,0,1,4,25,97,265,686,944
2021/04/30,56166,111090,126273,163636,160997,183249,187276,129216,93364,35810,1005,4644,9232,11406,10911,13461,10334,5541,5154,3875,0,1,0,1,4,25,96,265,681,943
2021/04/29,56166,111090,126273,163636,160997,183249,187276,129216,93364,35810,999,4606,9196,11367,10869,13414,10304,5523,5146,3874,0,1,0,1,4,25,95,264,681,941
2021/04/28,56166,111090,126273,163636,160997,183249,187276,129216,93364,35810,979,4548,9156,11308,10799,13355,10264,5501,5135,3872,0,1,0,1,4,25,94,262,679,940
2021/04/27,56166,111090,126273,163636,160997,183249,187276,129216,93364,35810,967,4490,9111,11259,10735,13307,10219,5474,5118,3863,0,1,0,1,4,25,94,261,678,939
2021/04/26,56166,111090,126273,163636,160997,183249,187276,129216,93364,35810,964,4444,9081,11230,10697,13249,10180,5458,5103,3860,0,1,0,1,4,25,94,259,678,937
2021/04/25,56166,111090,126273,163636,160997,183249,187276,129216,93364,35810,955,4384,9045,11188,10644,13190,10152,5439,5093,3858,0,1,0,1,4,25,93,257,677,936
2021/04/24,56166,111090,126273,163636,160997,183249,187276,129216,93364,35810,942,4339,8998,11152,10603,13161,10128,5423,5088,3853,0,1,0,1,4,25,92,257,676,935
2021/04/23,56166,111090,126273,163636,160997,183249,187276,129216,93364,35810,935,4299,8952,11101,10542,13117,10097,5403,5073,3851,0,1,0,1,4,25,92,255,674,935
2021/04/22,56166,111090,126273,163636,160997,183249,187276,129216,93364,35810,931,4261,8921,11056,10491,13068,10059,5385,5056,3850,0,1,0,1,4,25,92,255,673,934
2021/04/21,56166,111090,126273,163636,160997,183249,187276,129216,93364,35810,926,4219,8871,10995,10429,13015,10024,5361,5042,3842,0,1,0,1,4,25,91,252,671,934
2021/04/20,56166,111090,126273,163636,160997,183249,187276,129216,93364,35810,910,4131,8816,10930,10366,12956,9975,5338,5030,3838,0,1,0,1,4,25,91,251,671,934
2021/04/19,56166,111090,126273,163636,160997,183249,187276,129216,93364,35810,900,4085,8778,10880,10319,12904,9929,5314,5005,3835,0,1,0,1,4,25,89,250,664,931
2021/04/18,56166,111090,126273,163636,160997,183249,187276,129216,93364,35810,890,4042,8741,10824,10273,12848,9889,5291,4989,3828,0,1,0,1,4,25,89,250,663,931
2021/04/17,56166,111090,126273,163636,160997,183249,187276,129216,93364,35810,883,4012,8712,10802,10240,12824,9857,5282,4984,3827,0,1,0,1,4,24,88,249,660,930
2021/04/16,56166,111090,126273,163636,160997,183249,187276,129216,93364,35810,870,3972,8666,10755,10192,12776,9826,5264,4964,3822,0,1,0,1,4,24,87,248,656,930
2021/04/15,56166,111090,126273,163636,160997,183249,187276,129216,93364,35810,861,3942,8627,10713,10167,12735,9786,5250,4950,3816,0,1,0,1,4,24,86,247,652,929
2021/04/14,56166,111090,126273,163636,160997,183249,187276,129216,93364,35810,858,3890,8587,10662,10111,12674,9751,5221,4938,3808,0,1,0,1,4,24,85,247,652,926
2021/04/13,56166,111090,126273,163636,160997,183249,187276,129216,93364,35810,847,3850,8540,10627,10063,12623,9716,5199,4928,3805,0,0,0,1,4,24,85,247,649,926
2021/04/12,56166,111090,126273,163636,160997,183249,187276,129216,93364,35810,837,3808,8495,10585,10022,12560,9677,5178,4903,3798,0,0,0,1,3,24,85,246,647,926
2021/04/11,56166,111090,126273,163636,160997,183249,187276,129216,93364,35810,831,3778,8457,10549,9986,12508,9650,5154,4880,3798,0,0,0,1,3,24,85,245,645,926
2021/04/10,56166,111090,126273,163636,160997,183249,187276,129216,93364,35810,826,3756,8424,10512,9956,12466,9622,5136,4869,3795,0,0,0,1,3,24,85,244,645,926
2021/04/09,56166,111090,126273,163636,160997,183249,187276,129216,93364,35810,819,3731,8388,10478,9917,12432,9586,5115,4860,3791,0,0,0,1,3,24,85,243,642,925
2021/04/08,56166,111090,126273,163636,160997,183249,187276,129216,93364,35810,810,3662,8313,10388,9840,12352,9516,5087,4841,3784,0,0,0,1,3,24,85,240,640,922
2021/04/07,56166,111090,126273,163636,160997,183249,187276,129216,93364,35810,805,3637,8285,10356,9802,12313,9479,5068,4832,3783,0,0,0,1,3,24,84,240,639,922
2021/04/06,56166,111090,126273,163636,160997,183249,187276,129216,93364,35810,796,3615,8259,10325,9774,12270,9449,5048,4817,3781,0,0,0,1,3,24,83,236,634,922
2021/04/05,56166,111090,126273,163636,160997,183249,187276,129216,93364,35810,787,3584,8220,10286,9725,12212,9398,5032,4800,3773,0,0,0,1,3,24,82,235,634,921
2021/04/04,56166,111090,126273,163636,160997,183249,187276,129216,93364,35810,785,3562,8193,10257,9691,12164,9373,5009,4787,3771,0,0,0,1,3,24,82,235,631,920
2021/04/03,56166,111090,126273,163636,160997,183249,187276,129216,93364,35810,778,3531,8138,10221,9657,12125,9343,4991,4776,3769,0,0,0,1,3,24,82,235,630,918
2021/04/02,56166,111090,126273,163636,160997,183249,187276,129216,93364,35810,769,3474,8073,10161,9600,12062,9280,4955,4757,3764,0,0,0,1,3,24,81,234,629,918
2021/04/01,56166,111090,126273,163636,160997,183249,187276,129216,93364,35810,764,3444,8022,10120,9555,12007,9232,4931,4735,3762,0,0,0,1,3,24,81,234,628,916
2021/03/31,56166,111090,126273,163636,160997,183249,187276,129216,93364,35810,748,3413,7963,10050,9489,11942,9186,4890,4714,3759,0,0,0,1,3,23,81,234,628,913
2021/03/30,56166,111090,126273,163636,160997,183249,187276,129216,93364,35810,740,3387,7914,9995,9458,11886,9152,4867,4696,3757,0,0,0,1,3,23,81,233,626,912
2021/03/29,56166,111090,126273,163636,160997,183249,187276,129216,93364,35810,736,3378,7884,9961,9433,11850,9127,4848,4677,3751,0,0,0,1,3,23,80,233,626,911
2021/03/28,56166,111090,126273,163636,160997,183249,187276,129216,93364,35810,731,3353,7846,9922,9390,11812,9082,4825,4667,3741,0,0,0,1,3,23,80,231,624,910
2021/03/27,56166,111090,126273,163636,160997,183249,187276,129216,93364,35810,723,3292,7764,9847,9319,11714,8995,4780,4641,3736,0,0,0,1,3,23,80,229,622,910
2021/03/26,56166,111090,126273,163636,160997,183249,187276,129216,93364,35810,715,3262,7721,9793,9281,11670,8964,4768,4626,3728,0,0,0,1,3,23,79,229,622,908
2021/03/25,56166,111090,126273,163636,160997,183249,187276,129216,93364,35810,715,3251,7709,9771,9261,11646,8953,4760,4614,3725,0,0,0,1,3,23,78,228,621,907
2021/03/24,56166,111090,126273,163636,160997,183249,187276,129216,93364,35810,703,3222,7659,9718,9200,11577,8907,4739,4596,3717,0,0,0,1,3,23,78,227,619,904
2021/03/23,56166,111090,126273,163636,160997,183249,187276,129216,93364,35810,692,3170,7608,9661,9139,11503,8858,4709,4581,3713,0,0,0,1,3,23,77,227,619,903
2021/03/22,56166,111090,126273,163636,160997,183249,187276,129216,93364,35810,680,3122,7539,9605,9086,11439,8802,4678,4558,3708,0,0,0,1,3,23,77,226,618,901
2021/03/21,56166,111090,126273,163636,160997,183249,187276,129216,93364,35810,670,3077,7503,9540,9026,11380,8760,4658,4542,3702,0,0,0,1,3,23,77,225,616,900
2021/03/20,56166,111090,126273,163636,160997,183249,187276,129216,93364,35810,663,3043,7464,9511,8987,11336,8733,4642,4534,3697,0,0,0,1,3,23,77,224,615,898
2021/03/19,56166,111090,126273,163636,160997,183249,187276,129216,93364,35810,655,3009,7416,9471,8931,11276,8688,4621,4527,3694,0,0,0,1,3,23,77,224,613,897
2021/03/18,56166,111090,126273,163636,160997,183249,187276,129216,93364,35810,645,2952,7327,9409,8865,11212,8621,4593,4509,3683,0,0,0,1,3,23,76,222,610,893
2021/03/17,56166,111090,126273,163636,160997,183249,187276,129216,93364,35810,633,2914,7277,9353,8816,11167,8568,4571,4492,3675,0,0,0,1,3,23,75,222,607,890
2021/03/16,56166,111090,126273,163636,160997,183249,187276,129216,93364,35810,618,2839,7208,9275,8729,11075,8492,4526,4472,3670,0,0,0,1,3,23,75,222,605,888
2021/03/15,56166,111090,126273,163636,160997,183249,187276,129216,93364,35810,618,2826,7187,9255,8697,11056,8474,4508,4462,3664,0,0,0,1,3,23,75,221,605,887
2021/03/14,56166,111090,126273,163636,160997,183249,187276,129216,93364,35810,609,2807,7147,9224,8655,11010,8435,4490,4449,3654,0,0,0,1,2,23,75,221,605,885
2021/03/13,56166,111090,126273,163636,160997,183249,187276,129216,93364,35810,608,2775,7115,9188,8617,10973,8405,4483,4441,3651,0,0,0,1,2,23,75,220,604,885
2021/03/12,56166,111090,126273,163636,160997,183249,187276,129216,93364,35810,597,2738,7074,9123,8569,10923,8365,4460,4429,3647,0,0,0,1,2,23,75,220,603,883
2021/03/11,56166,111090,126273,163636,160997,183249,187276,129216,93364,35810,578,2681,7007,9035,8505,10840,8305,4432,4415,3640,0,0,0,1,2,23,75,218,602,883
2021/03/10,56166,111090,126273,163636,160997,183249,187276,129216,93364,35810,567,2640,6958,8981,8458,10794,8262,4411,4405,3637,0,0,0,1,2,23,75,218,601,881
2021/03/09,56166,111090,126273,163636,160997,183249,187276,129216,93364,35810,555,2610,6905,8931,8411,10747,8223,4384,4397,3627,0,0,0,1,2,23,75,216,601,880
2021/03/08,56166,111090,126273,163636,160997,183249,187276,129216,93364,35810,553,2586,6868,8903,8381,10709,8194,4360,4389,3622,0,0,0,1,2,23,74,216,601,879
2021/03/07,56166,111090,126273,163636,160997,183249,187276,129216,93364,35810,545,2535,6816,8860,8319,10657,8139,4332,4377,3616,0,0,0,1,2,23,74,216,599,879
2021/03/06,56166,111090,126273,163636,160997,183249,187276,129216,93364,35810,540,2493,6779,8828,8280,10603,8099,4304,4368,3611,0,0,0,1,2,23,74,216,597,878
2021/03/05,56166,111090,126273,163636,160997,183249,187276,129216,93364,35810,532,2453,6755,8803,8248,10562,8073,4289,4353,3604,0,0,0,1,2,22,74,215,597,876
2021/03/04,56166,111090,126273,163636,160997,183249,187276,129216,93364,35810,515,2353,6669,8739,8176,10470,8006,4256,4335,3598,0,0,0,1,2,22,74,214,597,874
2021/03/03,56166,111090,126273,163636,160997,183249,187276,129216,93364,35810,514,2340,6657,8711,8152,10448,7989,4242,4326,3596,0,0,0,1,2,22,74,214,595,872
2021/03/02,56166,111090,126273,163636,160997,183249,187276,129216,93364,35810,507,2309,6613,8677,8120,10401,7950,4232,4305,3592,0,0,0,1,2,22,74,212,594,870
2021/03/01,56166,111090,126273,163636,160997,183249,187276,129216,93364,35810,501,2279,6555,8627,8067,10350,7918,4214,4287,3586,0,0,0,1,2,22,74,212,592,870
2021/02/28,56166,111090,126273,163636,160997,183249,187276,129216,93364,35810,494,2247,6516,8579,8022,10307,7886,4201,4270,3581,0,0,0,1,2,21,74,211,591,867
2021/02/27,56166,111090,126273,163636,160997,183249,187276,129216,93364,35810,488,2232,6494,8559,8005,10283,7856,4185,4265,3580,0,0,0,1,2,21,74,211,590,867
2021/02/26,56166,111090,126273,163636,160997,183249,187276,129216,93364,35810,462,2172,6447,8502,7931,10225,7803,4163,4248,3571,0,0,0,1,2,21,74,210,586,867
2021/02/25,56166,111090,126273,163636,160997,183249,187276,129216,93364,35810,450,2138,6394,8455,7884,10167,7758,4141,4227,3565,0,0,0,1,2,21,73,209,585,865
2021/02/24,56166,111090,126273,163636,160997,183249,187276,129216,93364,35810,447,2133,6379,8443,7874,10150,7745,4135,4223,3554,0,0,0,1,2,21,73,209,582,863
2021/02/23,56166,111090,126273,163636,160997,183249,187276,129216,93364,35810,430,2079,6311,8381,7784,10084,7672,4106,4204,3550,0,0,0,1,2,21,72,208,581,863
2021/02/22,56166,111090,126273,163636,160997,183249,187276,129216,93364,35810,424,2065,6292,8353,7763,10053,7649,4091,4189,3543,0,0,0,1,2,19,72,208,580,863
2021/02/21,56166,111090,126273,163636,160997,183249,187276,129216,93364,35810,418,2040,6244,8314,7720,10002,7607,4081,4180,3541,0,0,0,1,2,19,72,207,579,858
2021/02/20,56166,111090,126273,163636,160997,183249,187276,129216,93364,35810,410,2014,6211,8277,7689,9963,7582,4072,4169,3532,0,0,0,1,2,18,72,206,579,857
2021/02/19,56166,111090,126273,163636,160997,183249,187276,129216,93364,35810,405,1996,6182,8248,7660,9925,7560,4062,4163,3527,0,0,0,1,2,18,72,205,578,854
2021/02/18,56166,111090,126273,163636,160997,183249,187276,129216,93364,35810,389,1960,6125,8206,7609,9856,7512,4045,4148,3518,0,0,0,1,2,18,72,204,576,853
2021/02/17,56166,111090,126273,163636,160997,183249,187276,129216,93364,35810,376,1929,6085,8153,7565,9811,7477,4030,4131,3507,0,0,0,1,2,18,70,204,575,850
2021/02/16,56166,111090,126273,163636,160997,183249,187276,129216,93364,35810,369,1897,6020,8099,7515,9765,7428,4017,4119,3503,0,0,0,1,2,18,70,203,572,848
2021/02/15,56166,111090,126273,163636,160997,183249,187276,129216,93364,35810,367,1886,5985,8066,7475,9725,7402,4004,4111,3492,0,0,0,1,2,18,70,202,571,845
2021/02/14,56166,111090,126273,163636,160997,183249,187276,129216,93364,35810,361,1862,5962,8015,7426,9665,7373,3988,4101,3483,0,0,0,1,2,17,70,202,569,843
2021/02/13,56166,111090,126273,163636,160997,183249,187276,129216,93364,35810,355,1839,5930,7987,7396,9626,7351,3979,4092,3479,0,0,0,1,2,17,70,201,569,841
2021/02/12,56166,111090,126273,163636,160997,183249,187276,129216,93364,35810,350,1817,5892,7954,7364,9589,7327,3969,4083,3477,0,0,0,1,2,17,69,199,568,841
2021/02/11,56166,111090,126273,163636,160997,183249,187276,129216,93364,35810,347,1805,5861,7930,7334,9558,7302,3957,4068,3473,0,0,0,1,2,17,69,197,566,839
2021/02/10,56166,111090,126273,163636,160997,183249,187276,129216,93364,35810,345,1795,5841,7897,7311,9521,7281,3946,4056,3466,0,0,0,1,2,17,69,195,564,837
2021/02/09,56166,111090,126273,163636,160997,183249,187276,129216,93364,35810,342,1767,5807,7853,7277,9471,7247,3930,4046,3453,0,0,0,1,2,17,69,194,562,830
2021/02/08,56166,111090,126273,163636,160997,183249,187276,129216,93364,35810,339,1755,5775,7804,7242,9414,7212,3904,4028,3444,0,0,0,1,2,16,69,192,558,828
2021/02/07,56166,111090,126273,163636,160997,183249,187276,129216,93364,35810,333,1742,5747,7772,7211,9379,7177,3886,4011,3426,0,0,0,1,2,16,69,192,556,824
2021/02/06,56166,111090,126273,163636,160997,183249,187276,129216,93364,35810,332,1721,5727,7748,7187,9355,7158,3869,4002,3421,0,0,0,1,2,16,69,191,553,823
2021/02/05,56166,111090,126273,163636,160997,183249,187276,129216,93364,35810,331,1710,5715,7730,7171,9332,7137,3860,3994,3417,0,0,0,1,2,16,69,191,553,819
2021/02/04,56166,111090,126273,163636,160997,183249,187276,129216,93364,35810,325,1694,5693,7702,7150,9302,7115,3847,3982,3411,0,0,0,1,2,16,68,191,553,815
2021/02/03,56166,111090,126273,163636,160997,183249,187276,129216,93364,35810,319,1675,5669,7668,7122,9268,7085,3836,3967,3398,0,0,0,1,2,16,68,191,552,812
2021/02/02,56166,111090,126273,163636,160997,183249,187276,129216,93364,35810,314,1656,5639,7625,7090,9215,7034,3816,3948,3383,0,0,0,1,2,16,68,190,550,812
2021/02/01,56166,111090,126273,163636,160997,183249,187276,129216,93364,35810,312,1632,5620,7595,7057,9159,7001,3800,3924,3366,0,0,0,1,2,16,67,188,549,809
2021/01/31,56166,111090,126273,163636,160997,183249,187276,129216,93364,35810,310,1618,5604,7562,7023,9118,6979,3784,3903,3354,0,0,0,1,2,16,66,188,548,804
2021/01/30,56166,111090,126273,163636,160997,183249,187276,129216,93364,35810,309,1614,5591,7548,7005,9098,6972,3778,3896,3349,0,0,0,1,2,16,66,187,548,801
2021/01/29,56166,111090,126273,163636,160997,183249,187276,129216,93364,35810,306,1595,5570,7528,6974,9076,6941,3768,3884,3338,0,0,0,1,2,15,66,186,548,796
2021/01/28,56166,111090,126273,163636,160997,183249,187276,129216,93364,35810,302,1582,5545,7485,6936,9028,6910,3745,3863,3315,0,0,0,1,2,15,66,186,546,791
2021/01/27,56166,111090,126273,163636,160997,183249,187276,129216,93364,35810,298,1568,5525,7451,6895,8993,6877,3731,3853,3309,0,0,0,1,2,15,66,186,543,786
2021/01/26,56166,111090,126273,163636,160997,183249,187276,129216,93364,35810,295,1560,5508,7423,6864,8962,6844,3710,3829,3299,0,0,0,1,2,15,66,184,540,785
2021/01/25,56166,111090,126273,163636,160997,183249,187276,129216,93364,35810,292,1542,5480,7384,6814,8911,6811,3699,3809,3290,0,0,0,1,2,15,65,183,536,781
2021/01/24,56166,111090,126273,163636,160997,183249,187276,129216,93364,35810,286,1534,5458,7346,6782,8869,6778,3684,3790,3279,0,0,0,0,2,15,64,183,534,777
2021/01/23,56166,111090,126273,163636,160997,183249,187276,129216,93364,35810,280,1526,5453,7328,6773,8842,6769,3676,3780,3273,0,0,0,0,2,15,64,183,531,772
2021/01/22,56166,111090,126273,163636,160997,183249,187276,129216,93364,35810,278,1511,5435,7306,6749,8813,6753,3665,3775,3265,0,0,0,0,2,15,64,182,528,769
2021/01/21,56166,111090,126273,163636,160997,183249,187276,129216,93364,35810,276,1498,5407,7269,6715,8785,6716,3638,3754,3250,0,0,0,0,2,15,63,181,523,768
2021/01/20,56166,111090,126273,163636,160997,183249,187276,129216,93364,35810,273,1490,5374,7220,6678,8762,6685,3627,3740,3235,0,0,0,0,2,15,63,181,522,764
2021/01/19,56166,111090,126273,163636,160997,183249,187276,129216,93364,35810,269,1476,5358,7184,6647,8727,6659,3608,3726,3225,0,0,0,0,2,15,63,181,520,764
2021/01/18,56166,111090,126273,163636,160997,183249,187276,129216,93364,35810,267,1468,5335,7145,6615,8691,6625,3589,3709,3206,0,0,0,0,2,15,63,181,515,762
2021/01/17,56166,111090,126273,163636,160997,183249,187276,129216,93364,35810,267,1462,5318,7117,6593,8655,6595,3569,3693,3191,0,0,0,0,2,15,62,179,514,759
2021/01/16,56166,111090,126273,163636,160997,183249,187276,129216,93364,35810,265,1457,5300,7105,6581,8637,6582,3563,3685,3183,0,0,0,0,2,15,62,176,509,754
2021/01/15,56166,111090,126273,163636,160997,183249,187276,129216,93364,35810,263,1452,5285,7071,6564,8611,6569,3549,3667,3169,0,0,0,0,2,15,60,175,509,750
2021/01/14,56166,111090,126273,163636,160997,183249,187276,129216,93364,35810,262,1450,5264,7037,6539,8579,6534,3528,3644,3159,0,0,0,0,2,15,60,174,506,748
2021/01/13,56166,111090,126273,163636,160997,183249,187276,129216,93364,35810,261,1445,5248,7012,6519,8550,6510,3514,3629,3140,0,0,0,0,2,14,60,174,505,743
2021/01/12,56166,111090,126273,163636,160997,183249,187276,129216,93364,35810,260,1436,5221,6979,6498,8519,6477,3494,3611,3123,0,0,0,0,2,14,60,173,502,739
2021/01/11,56166,111090,126273,163636,160997,183249,187276,129216,93364,35810,258,1432,5176,6919,6457,8462,6420,3472,3576,3106,0,0,0,0,2,14,59,173,498,733
2021/01/10,56166,111090,126273,163636,160997,183249,187276,129216,93364,35810,257,1427,5152,6878,6427,8417,6399,3456,3546,3096,0,0,0,0,2,14,58,171,497,727
2021/01/09,56166,111090,126273,163636,160997,183249,187276,129216,93364,35810,257,1423,5125,6844,6407,8370,6358,3440,3521,3075,0,0,0,0,2,14,58,170,492,725
2021/01/08,56166,111090,126273,163636,160997,183249,187276,129216,93364,35810,257,1417,5099,6815,6375,8347,6325,3430,3508,3063,0,0,0,0,2,14,57,170,491,724
2021/01/07,56166,111090,126273,163636,160997,183249,187276,129216,93364,35810,256,1410,5060,6769,6340,8303,6278,3410,3485,3048,0,0,0,0,2,14,57,169,490,723
2021/01/06,56166,111090,126273,163636,160997,183249,187276,129216,93364,35810,256,1396,5036,6716,6286,8262,6234,3397,3466,3043,0,0,0,0,2,14,57,167,484,719
2021/01/05,56166,111090,126273,163636,160997,183249,187276,129216,93364,35810,256,1380,5006,6675,6239,8221,6200,3372,3447,3019,0,0,0,0,2,14,57,167,481,716
2021/01/04,56166,111090,126273,163636,160997,183249,187276,129216,93364,35810,252,1373,4961,6586,6180,8141,6139,3337,3426,3005,0,0,0,0,2,14,57,166,478,711
2021/01/03,56166,111090,126273,163636,160997,183249,187276,129216,93364,35810,250,1364,4929,6532,6134,8077,6095,3316,3397,2984,0,0,0,0,2,14,57,166,471,705
2021/01/02,56166,111090,126273,163636,160997,183249,187276,129216,93364,35810,250,1351,4901,6494,6111,8027,6069,3303,3377,2967,0,0,0,0,2,14,57,166,469,700
2021/01/01,56166,111090,126273,163636,160997,183249,187276,129216,93364,35810,246,1349,4877,6463,6092,7984,6032,3286,3358,2948,0,0,0,0,2,14,56,166,468,694
2020/12/31,56166,111090,126273,163636,160997,183249,187276,129216,93364,35810,246,1348,4869,6445,6074,7960,6017,3275,3342,2937,0,0,0,0,2,14,55,165,464,691
2020/12/30,56166,111090,126273,163636,160997,183249,187276,129216,93364,35810,246,1340,4844,6401,6035,7912,5987,3261,3326,2919,0,0,0,0,2,14,55,163,461,679
2020/12/29,56166,111090,126273,163636,160997,183249,187276,129216,93364,35810,242,1325,4801,6334,5977,7845,5940,3227,3289,2887,0,0,0,0,2,14,54,162,455,673
2020/12/28,56166,111090,126273,163636,160997,183249,187276,129216,93364,35810,238,1306,4764,6272,5899,7759,5876,3194,3261,2858,0,0,0,0,2,14,54,160,454,670
2020/12/27,56166,111090,126273,163636,160997,183249,187276,129216,93364,35810,237,1300,4750,6231,5852,7696,5834,3169,3240,2834,0,0,0,0,2,14,54,159,447,664
2020/12/26,56166,111090,126273,163636,160997,183249,187276,129216,93364,35810,236,1293,4734,6202,5820,7665,5814,3157,3226,2821,0,0,0,0,2,14,53,159,443,657
2020/12/25,56166,111090,126273,163636,160997,183249,187276,129216,93364,35810,236,1288,4727,6183,5803,7643,5796,3148,3214,2803,0,0,0,0,2,14,53,158,436,652
2020/12/24,56166,111090,126273,163636,160997,183249,187276,129216,93364,35810,236,1287,4715,6170,5797,7622,5782,3137,3209,2798,0,0,0,0,2,13,51,156,434,648
2020/12/23,56166,111090,126273,163636,160997,183249,187276,129216,93364,35810,235,1277,4683,6129,5752,7572,5740,3121,3192,2777,0,0,0,0,1,12,51,155,426,637
2020/12/22,56166,111090,126273,163636,160997,183249,187276,129216,93364,35810,233,1263,4639,6059,5687,7478,5674,3086,3160,2751,0,0,0,0,1,12,51,151,416,633
2020/12/21,56166,111090,126273,163636,160997,183249,187276,129216,93364,35810,231,1252,4606,6007,5624,7393,5625,3055,3134,2731,0,0,0,0,1,11,51,149,406,621
2020/12/20,56166,111090,126273,163636,160997,183249,187276,129216,93364,35810,227,1245,4585,5963,5590,7339,5582,3032,3115,2703,0,0,0,0,1,11,51,148,401,615
2020/12/19,56166,111090,126273,163636,160997,183249,187276,129216,93364,35810,226,1236,4577,5937,5572,7319,5557,3014,3102,2675,0,0,0,0,1,11,50,145,393,601
2020/12/18,56166,111090,126273,163636,160997,183249,187276,129216,93364,35810,224,1227,4561,5911,5545,7278,5541,3004,3087,2653,0,0,0,0,1,11,49,144,389,592
2020/12/17,56166,111090,126273,163636,160997,183249,187276,129216,93364,35810,221,1217,4523,5856,5494,7225,5482,2984,3047,2597,0,0,0,0,1,11,48,141,381,586
2020/12/16,56166,111090,126273,163636,160997,183249,187276,129216,93364,35810,218,1211,4497,5812,5459,7180,5454,2957,3006,2577,0,0,0,0,1,11,48,139,371,574
2020/12/15,56166,111090,126273,163636,160997,183249,187276,129216,93364,35810,215,1201,4447,5759,5410,7119,5409,2929,2974,2541,0,0,0,0,1,11,48,137,365,567
2020/12/14,56166,111090,126273,163636,160997,183249,187276,129216,93364,35810,213,1188,4398,5701,5337,7037,5344,2890,2919,2498,0,0,0,0,1,11,47,133,359,556
2020/12/13,56166,111090,126273,163636,160997,183249,187276,129216,93364,35810,212,1179,4367,5655,5300,6979,5304,2855,2903,2482,0,0,0,0,1,11,46,130,348,544
2020/12/12,56166,111090,126273,163636,160997,183249,187276,129216,93364,35810,209,1155,4321,5590,5239,6884,5219,2808,2884,2472,0,0,0,0,1,11,45,129,341,535
2020/12/11,56166,111090,126273,163636,160997,183249,187276,129216,93364,35810,208,1145,4302,5544,5202,6833,5181,2780,2864,2447,0,0,0,0,1,11,43,127,334,523
2020/12/10,56166,111090,126273,163636,160997,183249,187276,129216,93364,35810,203,1137,4255,5462,5138,6733,5098,2745,2818,2389,0,0,0,0,1,9,42,122,323,510
2020/12/09,56166,111090,126273,163636,160997,183249,187276,129216,93364,35810,202,1126,4216,5406,5083,6661,5030,2707,2775,2320,0,0,0,0,1,8,41,121,315,498
2020/12/08,56166,111090,126273,163636,160997,183249,187276,129216,93364,35810,200,1121,4193,5362,5037,6608,4993,2682,2746,2295,0,0,0,0,1,8,39,116,312,483
2020/12/07,56166,111090,126273,163636,160997,183249,187276,129216,93364,35810,198,1108,4162,5313,4995,6553,4945,2657,2707,2261,0,0,0,0,1,8,37,111,301,470
2020/12/06,56166,111090,126273,163636,160997,183249,187276,129216,93364,35810,197,1096,4129,5261,4947,6471,4892,2629,2681,2246,0,0,0,0,1,8,36,106,295,459
2020/12/05,56166,111090,126273,163636,160997,183249,187276,129216,93364,35810,197,1092,4104,5229,4926,6446,4860,2610,2652,2232,0,0,0,0,1,8,36,104,286,444
2020/12/04,56166,111090,126273,163636,160997,183249,187276,129216,93364,35810,192,1080,4061,5160,4869,6368,4806,2590,2627,2190,0,0,0,0,1,8,33,104,274,435
2020/12/03,56166,111090,126273,163636,160997,183249,187276,129216,93364,35810,190,1063,4010,5069,4783,6259,4709,2539,2537,2068,0,0,0,0,1,7,31,101,270,420
2020/12/02,56166,111090,126273,163636,160997,183249,187276,129216,93364,35810,184,1051,3959,5000,4705,6161,4635,2496,2459,1974,0,0,0,0,1,7,29,96,265,402
2020/12/01,56166,111090,126273,163636,160997,183249,187276,129216,93364,35810,182,1040,3894,4903,4620,6035,4563,2472,2409,1912,0,0,0,0,1,6,29,89,261,389
2020/11/30,56166,111090,126273,163636,160997,183249,187276,129216,93364,35810,180,1026,3828,4808,4533,5914,4485,2429,2354,1854,0,0,0,0,1,6,26,87,251,381
2020/11/29,56166,111090,126273,163636,160997,183249,187276,129216,93364,35810,177,1016,3788,4753,4470,5837,4434,2402,2313,1821,0,0,0,0,1,6,25,86,246,370
2020/11/28,56166,111090,126273,163636,160997,183249,187276,129216,93364,35810,176,1000,3765,4722,4435,5774,4384,2363,2279,1790,0,0,0,0,1,6,24,83,239,360
2020/11/27,56166,111090,126273,163636,160997,183249,187276,129216,93364,35810,170,979,3702,4622,4335,5658,4296,2304,2219,1704,0,0,0,0,1,5,23,77,232,342
2020/11/26,56166,111090,126273,163636,160997,183249,187276,129216,93364,35810,169,960,3647,4541,4260,5572,4229,2270,2169,1666,0,0,0,0,1,5,22,76,225,329
2020/11/25,56166,111090,126273,163636,160997,183249,187276,129216,93364,35810,164,936,3568,4456,4147,5429,4123,2225,2108,1610,0,0,0,0,1,5,20,73,221,314
2020/11/24,56166,111090,126273,163636,160997,183249,187276,129216,93364,35810,158,929,3479,4337,4035,5313,4015,2176,2045,1549,0,0,0,0,1,4,20,70,219,299
2020/11/23,56166,111090,126273,163636,160997,183249,187276,129216,93364,35810,154,916,3397,4221,3893,5138,3914,2114,1993,1495,0,0,0,0,1,4,18,69,211,283
2020/11/22,56166,111090,126273,163636,160997,183249,187276,129216,93364,35810,150,903,3337,4141,3819,5067,3851,2086,1957,1452,0,0,0,0,1,3,17,68,197,274
2020/11/21,56166,111090,126273,163636,160997,183249,187276,129216,93364,35810,147,897,3314,4091,3782,5011,3814,2070,1913,1411,0,0,0,0,1,2,17,66,189,269
2020/11/20,56166,111090,126273,163636,160997,183249,187276,129216,93364,35810,144,875,3258,4031,3697,4910,3738,2031,1869,1369,0,0,0,0,1,2,17,63,180,264
2020/11/19,56166,111090,126273,163636,160997,183249,187276,129216,93364,35810,139,843,3171,3909,3561,4761,3610,1956,1791,1269,0,0,0,0,1,2,17,62,172,256
2020/11/18,56166,111090,126273,163636,160997,183249,187276,129216,93364,35810,133,822,3071,3766,3426,4556,3488,1895,1732,1198,0,0,0,0,1,2,17,61,168,243
2020/11/17,56166,111090,126273,163636,160997,183249,187276,129216,93364,35810,133,802,3019,3695,3335,4444,3410,1828,1669,1139,0,0,0,0,1,2,17,60,160,235
2020/11/16,56166,111090,126273,163636,160997,183249,187276,129216,93364,35810,128,780,2902,3522,3173,4211,3262,1742,1592,1096,0,0,0,0,1,2,17,58,151,228
2020/11/15,56166,111090,126273,163636,160997,183249,187276,129216,93364,35810,123,765,2847,3442,3096,4089,3182,1689,1550,1067,0,0,0,0,1,2,16,55,145,214
2020/11/14,56166,111090,126273,163636,160997,183249,187276,129216,93364,35810,122,741,2807,3373,3018,4008,3118,1660,1526,1044,0,0,0,0,1,2,14,53,144,207
2020/11/13,56166,111090,126273,163636,160997,183249,187276,129216,93364,35810,117,716,2744,3283,2944,3906,3030,1624,1479,1007,0,0,0,0,1,2,14,48,140,203
2020/11/12,56166,111090,126273,163636,160997,183249,187276,129216,93364,35810,113,690,2625,3139,2792,3713,2894,1545,1414,961,0,0,0,0,1,2,14,45,132,191
2020/11/11,56166,111090,126273,163636,160997,183249,187276,129216,93364,35810,108,655,2522,2990,2644,3531,2751,1463,1358,933,0,0,0,0,1,2,12,43,126,185
2020/11/10,56166,111090,126273,163636,160997,183249,187276,129216,93364,35810,104,629,2405,2839,2487,3303,2580,1371,1287,911,0,0,0,0,1,2,11,43,122,176
2020/11/09,56166,111090,126273,163636,160997,183249,187276,129216,93364,35810,101,610,2311,2687,2347,3147,2444,1294,1227,880,0,0,0,0,1,2,10,42,118,165
2020/11/08,56166,111090,126273,163636,160997,183249,187276,129216,93364,35810,99,596,2211,2564,2234,3020,2336,1246,1172,831,0,0,0,0,1,2,9,39,117,155
2020/11/07,56166,111090,126273,163636,160997,183249,187276,129216,93364,35810,98,577,2123,2455,2133,2885,2240,1190,1114,772,0,0,0,0,1,2,9,37,115,152
2020/11/06,56166,111090,126273,163636,160997,183249,187276,129216,93364,35810,90,560,2020,2333,2035,2707,2135,1121,1055,745,0,0,0,0,1,2,9,36,107,151
2020/11/05,56166,111090,126273,163636,160997,183249,187276,129216,93364,35810,89,531,1882,2169,1895,2510,1966,1048,998,696,0,0,0,0,1,1,9,36,105,145
2020/11/04,56166,111090,126273,163636,160997,183249,187276,129216,93364,35810,87,511,1730,2005,1750,2283,1803,951,923,646,0,0,0,0,1,1,8,35,101,139
2020/11/03,56166,111090,126273,163636,160997,183249,187276,129216,93364,35810,80,491,1636,1884,1618,2126,1667,886,880,622,0,0,0,0,1,1,7,34,97,133
2020/11/02,56166,111090,126273,163636,160997,183249,187276,129216,93364,35810,78,474,1526,1742,1501,1945,1522,813,819,593,0,0,0,0,1,1,7,33,91,129
2020/11/01,56166,111090,126273,163636,160997,183249,187276,129216,93364,35810,77,461,1474,1672,1448,1863,1448,781,789,578,0,0,0,0,1,1,7,32,90,125
2020/10/31,56166,111090,126273,163636,160997,183249,187276,129216,93364,35810,77,445,1415,1587,1369,1778,1387,740,766,565,0,0,0,0,1,1,7,31,89,123
2020/10/30,56166,111090,126273,163636,160997,183249,187276,129216,93364,35810,74,426,1331,1476,1287,1666,1286,684,720,552,0,0,0,0,1,1,6,31,86,119
2020/10/29,56166,111090,126273,163636,160997,183249,187276,129216,93364,35810,73,398,1224,1365,1201,1542,1152,633,681,527,0,0,0,0,1,1,6,31,81,117
2020/10/28,56166,111090,126273,163636,160997,183249,187276,129216,93364,35810,69,386,1134,1239,1116,1420,1026,581,638,504,0,0,0,0,1,1,5,29,79,116
2020/10/27,56166,111090,126273,163636,160997,183249,187276,129216,93364,35810,64,371,1062,1150,1035,1315,953,547,612,487,0,0,0,0,1,1,5,28,77,108
2020/10/26,56166,111090,126273,163636,160997,183249,187276,129216,93364,35810,62,358,1017,1083,993,1253,903,523,572,476,0,0,0,0,1,1,5,25,76,107
2020/10/25,56166,111090,126273,163636,160997,183249,187276,129216,93364,35810,61,345,968,1035,938,1170,872,501,549,454,0,0,0,0,1,1,5,23,76,104
2020/10/24,56166,111090,126273,163636,160997,183249,187276,129216,93364,35810,61,331,945,991,900,1132,840,480,531,447,0,0,0,0,1,1,5,22,76,104
2020/10/23,56166,111090,126273,163636,160997,183249,187276,129216,93364,35810,57,311,895,942,857,1067,782,451,510,430,0,0,0,0,1,1,4,22,75,103
2020/10/22,56166,111090,126273,163636,160997,183249,187276,129216,93364,35810,56,297,847,892,807,1018,749,430,487,400,0,0,0,0,1,1,4,22,75,102
2020/10/21,56166,111090,126273,163636,160997,183249,187276,129216,93364,35810,55,278,811,839,748,976,712,408,455,362,0,0,0,0,1,1,4,22,74,98
2020/10/20,56166,111090,126273,163636,160997,183249,187276,129216,93364,35810,53,265,778,799,706,929,670,383,435,350,0,0,0,0,1,1,4,22,74,95
2020/10/19,56166,111090,126273,163636,160997,183249,187276,129216,93364,35810,53,262,753,763,683,911,651,370,432,345,0,0,0,0,1,1,4,22,73,93
2020/10/18,56166,111090,126273,163636,160997,183249,187276,129216,93364,35810,50,254,742,728,656,887,641,359,422,334,0,0,0,0,1,1,4,22,71,93
2020/10/17,56166,111090,126273,163636,160997,183249,187276,129216,93364,35810,49,241,727,706,623,859,628,344,413,320,0,0,0,0,1,1,4,22,71,93
2020/10/16,56166,111090,126273,163636,160997,183249,187276,129216,93364,35810,47,226,717,687,605,846,608,333,405,313,0,0,0,0,1,0,4,21,71,90
2020/10/15,56166,111090,126273,163636,160997,183249,187276,129216,93364,35810,46,222,701,675,587,821,590,324,394,304,0,0,0,0,1,0,3,21,71,90
2020/10/14,56166,111090,126273,163636,160997,183249,187276,129216,93364,35810,45,215,684,645,570,795,578,321,385,304,0,0,0,0,1,0,3,21,70,89
2020/10/13,56166,111090,126273,163636,160997,183249,187276,129216,93364,35810,45,213,670,633,559,780,566,315,382,301,0,0,0,0,1,0,3,21,70,89
2020/10/12,56166,111090,126273,163636,160997,183249,187276,129216,93364,35810,44,204,653,611,545,756,557,311,375,298,0,0,0,0,1,0,3,21,70,88
2020/10/11,56166,111090,126273,163636,160997,183249,187276,129216,93364,35810,41,197,633,595,531,740,543,303,370,293,0,0,0,0,1,0,3,21,68,86
2020/10/10,56166,111090,126273,163636,160997,183249,187276,129216,93364,35810,40,194,624,587,530,736,540,300,369,293,0,0,0,0,1,0,2,21,68,85
2020/10/09,56166,111090,126273,163636,160997,183249,187276,129216,93364,35810,39,182,609,578,522,719,523,296,367,290,0,0,0,0,1,0,2,21,67,85
2020/10/08,56166,111090,126273,163636,160997,183249,187276,129216,93364,35810,38,171,594,565,513,705,517,294,361,290,0,0,0,0,1,0,2,21,67,84
2020/10/07,56166,111090,126273,163636,160997,183249,187276,129216,93364,35810,38,170,581,553,500,685,506,289,359,285,0,0,0,0,1,0,2,21,67,84
2020/10/06,56166,111090,126273,163636,160997,183249,187276,129216,93364,35810,37,169,571,539,491,668,497,285,357,285,0,0,0,0,1,0,2,21,67,84
2020/10/05,56166,111090,126273,163636,160997,183249,187276,129216,93364,35810,37,168,559,535,483,657,487,281,351,281,0,0,0,0,1,0,2,20,67,84
2020/10/04,56166,111090,126273,163636,160997,183249,187276,129216,93364,35810,37,168,550,534,478,651,481,278,349,281,0,0,0,0,1,0,2,19,66,83
2020/10/03,56166,111090,126273,163636,160997,183249,187276,129216,93364,35810,36,156,545,521,471,643,474,272,349,281,0,0,0,0,1,0,2,19,66,81
2020/10/02,56166,111090,126273,163636,160997,183249,187276,129216,93364,35810,36,152,534,517,465,633,473,271,348,281,0,0,0,0,1,0,2,19,66,81
2020/10/01,56166,111090,126273,163636,160997,183249,187276,129216,93364,35810,36,149,525,512,461,626,468,268,347,280,0,0,0,0,1,0,2,19,66,80
2020/09/30,56166,111090,126273,163636,160997,183249,187276,129216,93364,35810,36,141,519,512,452,623,466,267,344,277,0,0,0,0,1,0,2,19,65,80
2020/09/29,56166,111090,126273,163636,160997,183249,187276,129216,93364,35810,35,140,513,506,447,611,458,260,339,275,0,0,0,0,1,0,2,19,65,80
2020/09/28,56166,111090,126273,163636,160997,183249,187276,129216,93364,35810,35,139,508,503,445,603,456,259,338,275,0,0,0,0,1,0,2,19,65,80
2020/09/27,56166,111090,126273,163636,160997,183249,187276,129216,93364,35810,35,139,499,498,441,596,451,258,334,274,0,0,0,0,1,0,2,19,65,80
2020/09/26,56166,111090,126273,163636,160997,183249,187276,129216,93364,35810,35,128,495,491,436,590,445,255,332,272,0,0,0,0,1,0,2,19,65,77
2020/09/25,56166,111090,126273,163636,160997,183249,187276,129216,93364,35810,35,125,492,489,431,585,440,253,331,271,0,0,0,0,1,0,2,19,65,77
2020/09/24,56166,111090,126273,163636,160997,183249,187276,129216,93364,35810,35,107,483,482,421,573,434,245,330,268,0,0,0,0,1,0,2,19,65,77
2020/09/23,56166,111090,126273,163636,160997,183249,187276,129216,93364,35810,35,105,482,480,419,572,434,245,329,267,0,0,0,0,1,0,2,19,64,77
2020/09/22,56166,111090,126273,163636,160997,183249,187276,129216,93364,35810,35,105,472,466,417,560,432,244,325,267,0,0,0,0,1,0,2,19,64,76
2020/09/21,56166,111090,126273,163636,160997,183249,187276,129216,93364,35810,35,102,466,461,411,555,428,244,324,264,0,0,0,0,1,0,2,19,64,75
2020/09/20,56166,111090,126273,163636,160997,183249,187276,129216,93364,35810,35,101,458,452,409,547,424,241,323,261,0,0,0,0,1,0,2,19,64,74
2020/09/19,56166,111090,126273,163636,160997,183249,187276,129216,93364,35810,33,93,453,450,406,537,417,238,316,255,0,0,0,0,1,0,2,19,63,74
2020/09/18,56166,111090,126273,163636,160997,183249,187276,129216,93364,35810,32,87,435,439,398,533,409,234,314,255,0,0,0,0,1,0,2,19,63,74
2020/09/17,56166,111090,126273,163636,160997,183249,187276,129216,93364,35810,32,87,428,437,393,528,404,229,313,251,0,0,0,0,1,0,2,19,63,73
2020/09/16,56166,111090,126273,163636,160997,183249,187276,129216,93364,35810,32,86,416,427,385,525,399,225,309,250,0,0,0,0,1,0,2,19,63,72
2020/09/15,56166,111090,126273,163636,160997,183249,187276,129216,93364,35810,32,85,411,416,375,515,391,221,307,248,0,0,0,0,1,0,2,19,63,71
2020/09/14,56166,111090,126273,163636,160997,183249,187276,129216,93364,35810,32,83,400,404,371,506,384,218,306,247,0,0,0,0,1,0,2,19,63,71
2020/09/13,56166,111090,126273,163636,160997,183249,187276,129216,93364,35810,31,80,391,397,365,497,380,216,300,247,0,0,0,0,1,0,2,19,63,71
2020/09/12,56166,111090,126273,163636,160997,183249,187276,129216,93364,35810,31,80,385,395,363,491,377,215,298,245,0,0,0,0,1,0,2,19,63,71
2020/09/11,56166,111090,126273,163636,160997,183249,187276,129216,93364,35810,30,80,379,383,359,487,372,212,292,243,0,0,0,0,1,0,2,19,63,71
2020/09/10,56166,111090,126273,163636,160997,183249,187276,129216,93364,35810,30,80,372,372,353,479,370,208,287,240,0,0,0,0,1,0,2,19,63,71
2020/09/09,56166,111090,126273,163636,160997,183249,187276,129216,93364,35810,29,79,366,364,347,467,364,206,286,234,0,0,0,0,1,0,2,19,63,71
2020/09/08,56166,111090,126273,163636,160997,183249,187276,129216,93364,35810,28,79,355,359,342,456,362,206,285,234,0,0,0,0,1,0,2,19,63,71
2020/09/07,56166,111090,126273,163636,160997,183249,187276,129216,93364,35810,28,79,347,353,334,455,358,206,282,232,0,0,0,0,1,0,2,19,63,71
2020/09/06,56166,111090,126273,163636,160997,183249,187276,129216,93364,35810,28,79,345,351,330,453,358,206,282,232,0,0,0,0,1,0,2,19,63,71
2020/09/05,56166,111090,126273,163636,160997,183249,187276,129216,93364,35810,28,79,340,350,328,452,358,203,282,232,0,0,0,0,1,0,2,19,63,71
2020/09/04,56166,111090,126273,163636,160997,183249,187276,129216,93364,35810,28,79,335,348,326,449,355,203,280,232,0,0,0,0,1,0,2,19,63,71
2020/09/03,56166,111090,126273,163636,160997,183249,187276,129216,93364,35810,28,78,328,344,322,448,352,203,280,232,0,0,0,0,1,0,2,19,63,71
2020/09/02,56166,111090,126273,163636,160997,183249,187276,129216,93364,35810,27,75,324,342,316,446,351,202,277,232,0,0,0,0,1,0,2,19,63,71
2020/09/01,56166,111090,126273,163636,160997,183249,187276,129216,93364,35810,24,71,306,334,313,437,348,202,275,232,0,0,0,0,1,0,2,19,63,71
2020/08/31,56166,111090,126273,163636,160997,183249,187276,129216,93364,35810,24,71,302,333,311,434,346,202,275,232,0,0,0,0,1,0,2,19,63,71
2020/08/30,56166,111090,126273,163636,160997,183249,187276,129216,93364,35810,22,64,298,331,305,430,345,202,275,232,0,0,0,0,1,0,2,19,63,71
2020/08/29,56166,111090,126273,163636,160997,183249,187276,129216,93364,35810,22,64,293,328,304,428,344,202,274,232,0,0,0,0,1,0,2,19,63,71
2020/08/28,56166,111090,126273,163636,160997,183249,187276,129216,93364,35810,21,62,287,324,302,428,344,202,274,232,0,0,0,0,1,0,2,19,63,71
2020/08/27,56166,111090,126273,163636,160997,183249,187276,129216,93364,35810,21,59,278,321,298,424,342,200,274,232,0,0,0,0,1,0,2,19,63,71
2020/08/26,56166,111090,126273,163636,160997,183249,187276,129216,93364,35810,21,58,270,316,294,421,341,200,274,232,0,0,0,0,1,0,2,19,63,71
2020/08/25,56166,111090,126273,163636,160997,183249,187276,129216,93364,35810,21,54,262,306,289,417,337,199,274,232,0,0,0,0,1,0,2,19,63,71
2020/08/24,56166,111090,126273,163636,160997,183249,187276,129216,93364,35810,21,52,250,299,282,416,336,197,274,232,0,0,0,0,1,0,2,19,63,71
2020/08/23,56166,111090,126273,163636,160997,183249,187276,129216,93364,35810,21,52,246,296,280,414,335,197,274,232,0,0,0,0,1,0,2,19,63,71
2020/08/22,56166,111090,126273,163636,160997,183249,187276,129216,93364,35810,21,52,240,293,279,412,333,197,274,232,0,0,0,0,1,0,2,19,63,71
2020/08/21,56166,111090,126273,163636,160997,183249,187276,129216,93364,35810,21,52,229,287,277,410,333,197,274,232,0,0,0,0,1,0,2,19,63,71
2020/08/20,56166,111090,126273,163636,160997,183249,187276,129216,93364,35810,20,51,227,276,276,409,333,197,274,231,0,0,0,0,1,0,2,18,63,71
2020/08/19,56166,111090,126273,163636,160997,183249,187276,129216,93364,35810,20,51,219,271,273,407,333,197,274,231,0,0,0,0,1,0,2,18,63,71
2020/08/18,56166,111090,126273,163636,160997,183249,187276,129216,93364,35810,20,51,214,265,273,405,331,196,274,231,0,0,0,0,1,0,2,18,63,71
2020/08/17,56166,111090,126273,163636,160997,183249,187276,129216,93364,35810,19,50,202,260,267,403,330,196,274,231,0,0,0,0,1,0,2,18,63,71
2020/08/16,56166,111090,126273,163636,160997,183249,187276,129216,93364,35810,19,47,197,255,264,403,330,196,274,231,0,0,0,0,1,0,2,18,63,71
2020/08/15,56166,111090,126273,163636,160997,183249,187276,129216,93364,35810,19,47,190,254,262,402,329,196,274,231,0,0,0,0,1,0,2,18,63,71
2020/08/14,56166,111090,126273,163636,160997,183249,187276,129216,93364,35810,19,47,186,252,262,400,328,196,273,231,0,0,0,0,1,0,2,18,63,71
2020/08/13,56166,111090,126273,163636,160997,183249,187276,129216,93364,35810,19,47,181,244,261,399,328,195,273,231,0,0,0,0,1,0,2,18,63,71
2020/08/12,56166,111090,126273,163636,160997,183249,187276,129216,93364,35810,19,47,179,241,261,397,328,195,273,231,0,0,0,0,1,0,2,18,63,71
2020/08/11,56166,111090,126273,163636,160997,183249,187276,129216,93364,35810,18,45,174,237,259,395,328,195,273,231,0,0,0,0,0,0,2,18,63,71
2020/08/10,56166,111090,126273,163636,160997,183249,187276,129216,93364,35810,18,45,169,236,256,393,327,195,273,231,0,0,0,0,0,0,2,18,63,71
2020/08/09,56166,111090,126273,163636,160997,183249,187276,129216,93364,35810,18,45,168,235,253,393,326,195,273,231,0,0,0,0,0,0,2,18,63,71
2020/08/08,56166,111090,126273,163636,160997,183249,187276,129216,93364,35810,18,45,168,235,252,393,326,194,273,231,0,0,0,0,0,0,2,18,63,71
2020/08/07,56166,111090,126273,163636,160997,183249,187276,129216,93364,35810,18,45,168,235,250,392,325,194,273,231,0,0,0,0,0,0,2,18,63,71
2020/08/06,56166,111090,126273,163636,160997,183249,187276,129216,93364,35810,18,45,167,233,249,392,325,194,273,231,0,0,0,0,0,0,2,18,63,71
2020/08/05,56166,111090,126273,163636,160997,183249,187276,129216,93364,35810,18,45,167,233,247,390,321,194,273,231,0,0,0,0,0,0,2,18,63,71
2020/08/04,56166,111090,126273,163636,160997,183249,187276,129216,93364,35810,18,45,165,232,247,390,321,193,273,231,0,0,0,0,0,0,2,18,63,71
2020/08/03,56166,111090,126273,163636,160997,183249,187276,129216,93364,35810,18,45,163,229,247,389,321,193,272,231,0,0,0,0,0,0,2,18,63,71
2020/08/02,56166,111090,126273,163636,160997,183249,187276,129216,93364,35810,18,45,163,228,247,388,321,193,272,231,0,0,0,0,0,0,2,18,63,71
2020/08/01,56166,111090,126273,163636,160997,183249,187276,129216,93364,35810,18,44,163,227,247,388,321,193,272,231,0,0,0,0,0,0,2,18,63,71
2020/07/31,56166,111090,126273,163636,160997,183249,187276,129216,93364,35810,18,44,163,227,246,387,320,193,271,231,0,0,0,0,0,0,2,18,63,71
2020/07/30,56166,111090,126273,163636,160997,183249,187276,129216,93364,35810,18,43,163,226,246,387,320,193,271,230,0,0,0,0,0,0,2,18,63,71
2020/07/29,56166,111090,126273,163636,160997,183249,187276,129216,93364,35810,17,43,162,226,245,384,320,193,271,230,0,0,0,0,0,0,2,18,63,71
2020/07/28,56166,111090,126273,163636,160997,183249,187276,129216,93364,35810,17,43,161,225,245,380,318,192,271,230,0,0,0,0,0,0,2,18,63,71
2020/07/27,56166,111090,126273,163636,160997,183249,187276,129216,93364,35810,17,42,160,224,245,379,318,190,271,230,0,0,0,0,0,0,2,18,63,71
2020/07/26,56166,111090,126273,163636,160997,183249,187276,129216,93364,35810,17,42,157,223,244,376,318,189,271,230,0,0,0,0,0,0,2,18,63,71
2020/07/25,56166,111090,126273,163636,160997,183249,187276,129216,93364,35810,16,42,156,223,243,374,316,188,269,230,0,0,0,0,0,0,2,18,63,71
2020/07/24,56166,111090,126273,163636,160997,183249,187276,129216,93364,35810,16,42,156,223,241,374,315,188,269,230,0,0,0,0,0,0,2,18,62,71
2020/07/23,56166,111090,126273,163636,160997,183249,187276,129216,93364,35810,16,40,155,223,240,373,315,187,268,230,0,0,0,0,0,0,2,18,62,71
2020/07/22,56166,111090,126273,163636,160997,183249,187276,129216,93364,35810,15,39,153,221,237,372,313,187,266,230,0,0,0,0,0,0,2,18,62,71
2020/07/21,56166,111090,126273,163636,160997,183249,187276,129216,93364,35810,15,38,150,219,235,371,312,187,265,230,0,0,0,0,0,0,2,18,62,71
2020/07/20,56166,111090,126273,163636,160997,183249,187276,129216,93364,35810,14,36,147,217,234,365,311,187,264,230,0,0,0,0,0,0,2,18,62,71
2020/07/19,56166,111090,126273,163636,160997,183249,187276,129216,93364,35810,13,36,145,216,234,361,311,187,264,228,0,0,0,0,0,0,2,18,61,71
2020/07/18,56166,111090,126273,163636,160997,183249,187276,129216,93364,35810,12,36,144,216,232,360,310,187,264,228,0,0,0,0,0,0,2,18,61,71
2020/07/17,56166,111090,126273,163636,160997,183249,187276,129216,93364,35810,12,36,141,215,231,360,310,187,264,228,0,0,0,0,0,0,2,18,61,71
2020/07/16,56166,111090,126273,163636,160997,183249,187276,129216,93364,35810,12,34,140,212,228,359,310,187,264,228,0,0,0,0,0,0,2,18,61,71
2020/07/15,56166,111090,126273,163636,160997,183249,187276,129216,93364,35810,12,34,140,212,226,359,310,186,263,228,0,0,0,0,0,0,2,18,61,71
2020/07/14,56166,111090,126273,163636,160997,183249,187276,129216,93364,35810,12,34,140,209,226,357,308,186,262,228,0,0,0,0,0,0,2,18,61,71
2020/07/13,56166,111090,126273,163636,160997,183249,187276,129216,93364,35810,12,30,137,208,226,355,307,186,262,228,0,0,0,0,0,0,2,18,61,71
2020/07/12,56166,111090,126273,163636,160997,183249,187276,129216,93364,35810,12,28,134,206,226,353,307,186,261,228,0,0,0,0,0,0,2,18,61,71
2020/07/11,56166,111090,126273,163636,160997,183249,187276,129216,93364,35810,12,28,133,206,225,353,307,186,261,228,0,0,0,0,0,0,2,18,61,71
2020/07/10,56166,111090,126273,163636,160997,183249,187276,129216,93364,35810,12,28,132,206,225,353,307,186,261,228,0,0,0,0,0,0,2,18,61,71
2020/07/09,56166,111090,126273,163636,160997,183249,187276,129216,93364,35810,12,28,130,206,224,351,306,185,261,228,0,0,0,0,0,0,2,18,61,71
2020/07/08,56166,111090,126273,163636,160997,183249,187276,129216,93364,35810,12,28,129,206,224,351,306,185,261,228,0,0,0,0,0,0,2,18,61,71
2020/07/07,56166,111090,126273,163636,160997,183249,187276,129216,93364,35810,12,28,127,205,223,350,304,185,261,228,0,0,0,0,0,0,2,18,61,71
2020/07/06,56166,111090,126273,163636,160997,183249,187276,129216,93364,35810,10,28,125,205,221,347,303,184,261,228,0,0,0,0,0,0,2,18,61,71
2020/07/05,56166,111090,126273,163636,160997,183249,187276,129216,93364,35810,10,28,125,204,219,346,303,184,261,228,0,0,0,0,0,0,2,18,61,71
2020/07/04,56166,111090,126273,163636,160997,183249,187276,129216,93364,35810,10,28,125,204,219,346,303,184,261,228,0,0,0,0,0,0,2,18,61,71
2020/07/03,56166,111090,126273,163636,160997,183249,187276,129216,93364,35810,10,28,123,202,218,345,303,183,261,228,0,0,0,0,0,0,2,18,61,71
2020/07/02,56166,111090,126273,163636,160997,183249,187276,129216,93364,35810,10,25,123,201,216,344,303,182,261,226,0,0,0,0,0,0,2,18,61,70
2020/07/01,56166,111090,126273,163636,160997,183249,187276,129216,93364,35810,10,25,123,200,211,341,301,182,261,226,0,0,0,0,0,0,2,18,61,70
2020/06/30,56166,111090,126273,163636,160997,183249,187276,129216,93364,35810,10,25,123,200,211,341,301,182,261,226,0,0,0,0,0,0,2,18,61,70
2020/06/29,56166,111090,126273,163636,160997,183249,187276,129216,93364,35810,10,25,122,197,209,338,301,182,261,226,0,0,0,0,0,0,2,18,61,70
2020/06/28,56166,111090,126273,163636,160997,183249,187276,129216,93364,35810,10,25,121,197,209,338,301,182,261,226,0,0,0,0,0,0,2,18,61,70
2020/06/27,56166,111090,126273,163636,160997,183249,187276,129216,93364,35810,10,25,120,196,209,338,300,182,261,226,0,0,0,0,0,0,2,18,61,70
2020/06/26,56166,111090,126273,163636,160997,183249,187276,129216,93364,35810,10,25,120,196,209,338,300,182,261,226,0,0,0,0,0,0,2,18,61,70
2020/06/25,56166,111090,126273,163636,160997,183249,187276,129216,93364,35810,10,25,119,195,207,337,300,182,261,226,0,0,0,0,0,0,2,18,61,70
2020/06/24,56166,111090,126273,163636,160997,183249,187276,129216,93364,35810,9,24,119,195,207,336,300,182,261,226,0,0,0,0,0,0,2,18,61,69
2020/06/23,56166,111090,126273,163636,160997,183249,187276,129216,93364,35810,9,24,119,195,207,335,300,182,261,226,0,0,0,0,0,0,2,18,61,69
2020/06/22,56166,111090,126273,163636,160997,183249,187276,129216,93364,35810,9,24,118,195,206,335,300,182,261,226,0,0,0,0,0,0,2,18,61,69
2020/06/21,56166,111090,126273,163636,160997,183249,187276,129216,93364,35810,9,24,118,195,206,335,300,182,261,226,0,0,0,0,0,0,2,18,61,69
2020/06/20,56166,111090,126273,163636,160997,183249,187276,129216,93364,35810,9,24,118,194,206,335,300,182,261,226,0,0,0,0,0,0,2,18,61,69
2020/06/19,56166,111090,126273,163636,160997,183249,187276,129216,93364,35810,9,24,118,193,206,335,300,182,261,226,0,0,0,0,0,0,2,18,61,69
2020/06/18,56166,111090,126273,163636,160997,183249,187276,129216,93364,35810,9,24,117,191,206,335,300,181,261,226,0,0,0,0,0,0,1,18,61,69
2020/06/17,56166,111090,126273,163636,160997,183249,187276,129216,93364,35810,9,24,117,191,206,335,300,181,261,226,0,0,0,0,0,0,1,18,61,69
2020/06/16,56166,111090,126273,163636,160997,183249,187276,129216,93364,35810,9,24,116,190,206,335,300,181,261,226,0,0,0,0,0,0,1,18,61,69
2020/06/15,56166,111090,126273,163636,160997,183249,187276,129216,93364,35810,9,24,116,190,206,335,300,181,261,226,0,0,0,0,0,0,1,18,61,69
2020/06/14,56166,111090,126273,163636,160997,183249,187276,129216,93364,35810,9,24,116,190,206,334,299,181,261,225,0,0,0,0,0,0,1,18,61,69
2020/06/13,56166,111090,126273,163636,160997,183249,187276,129216,93364,35810,9,24,116,190,206,334,299,181,261,225,0,0,0,0,0,0,1,18,60,69
2020/06/12,56166,111090,126273,163636,160997,183249,187276,129216,93364,35810,9,24,116,190,206,334,299,181,261,225,0,0,0,0,0,0,1,18,60,69
2020/06/11,56166,111090,126273,163636,160997,183249,187276,129216,93364,35810,9,24,116,190,206,334,299,181,261,225,0,0,0,0,0,0,1,18,60,69
2020/06/10,56166,111090,126273,163636,160997,183249,187276,129216,93364,35810,9,24,116,190,206,334,299,181,261,225,0,0,0,0,0,0,1,18,60,69
2020/06/09,56166,111090,126273,163636,160997,183249,187276,129216,93364,35810,9,24,116,190,206,334,299,181,261,225,0,0,0,0,0,0,1,18,60,69
2020/06/08,56166,111090,126273,163636,160997,183249,187276,129216,93364,35810,9,24,116,190,205,334,299,181,261,225,0,0,0,0,0,0,1,18,60,69
2020/06/07,56166,111090,126273,163636,160997,183249,187276,129216,93364,35810,9,24,116,190,205,334,299,181,261,225,0,0,0,0,0,0,1,18,60,69
2020/06/06,56166,111090,126273,163636,160997,183249,187276,129216,93364,35810,9,24,116,190,205,334,299,181,261,225,0,0,0,0,0,0,1,18,60,69
2020/06/05,56166,111090,126273,163636,160997,183249,187276,129216,93364,35810,9,24,116,190,205,334,299,181,261,225,0,0,0,0,0,0,1,18,60,69
2020/06/04,56166,111090,126273,163636,160997,183249,187276,129216,93364,35810,9,23,116,190,205,334,299,181,261,225,0,0,0,0,0,0,1,18,60,69
2020/06/03,56166,111090,126273,163636,160997,183249,187276,129216,93364,35810,9,23,116,190,205,333,299,181,261,225,0,0,0,0,0,0,1,18,60,68
2020/06/02,56166,111090,126273,163636,160997,183249,187276,129216,93364,35810,9,23,116,189,205,333,298,181,261,225,0,0,0,0,0,0,1,18,60,68
2020/06/01,56166,111090,126273,163636,160997,183249,187276,129216,93364,35810,9,23,116,189,205,333,298,181,261,225,0,0,0,0,0,0,1,18,60,68
2020/05/31,56166,111090,126273,163636,160997,183249,187276,129216,93364,35810,9,23,116,189,204,333,298,181,261,225,0,0,0,0,0,0,1,18,60,68
2020/05/30,56166,111090,126273,163636,160997,183249,187276,129216,93364,35810,9,23,116,189,204,333,298,181,261,225,0,0,0,0,0,0,1,18,60,68
2020/05/29,56166,111090,126273,163636,160997,183249,187276,129216,93364,35810,9,23,116,189,204,333,298,181,261,225,0,0,0,0,0,0,1,18,60,68
2020/05/28,56166,111090,126273,163636,160997,183249,187276,129216,93364,35810,9,23,116,189,204,333,298,181,261,224,0,0,0,0,0,0,1,18,60,67
2020/05/27,56166,111090,126273,163636,160997,183249,187276,129216,93364,35810,9,23,116,189,204,333,298,181,261,224,0,0,0,0,0,0,1,18,60,67
2020/05/26,56166,111090,126273,163636,160997,183249,187276,129216,93364,35810,9,23,116,189,204,333,298,181,261,224,0,0,0,0,0,0,1,18,60,67
2020/05/25,56166,111090,126273,163636,160997,183249,187276,129216,93364,35810,9,23,116,189,204,333,298,181,261,224,0,0,0,0,0,0,1,18,60,67
2020/05/24,56166,111090,126273,163636,160997,183249,187276,129216,93364,35810,9,23,116,189,204,333,298,181,261,224,0,0,0,0,0,0,1,18,60,67
2020/05/23,56166,111090,126273,163636,160997,183249,187276,129216,93364,35810,9,23,116,189,204,333,297,181,261,224,0,0,0,0,0,0,1,18,60,67
2020/05/22,56166,111090,126273,163636,160997,183249,187276,129216,93364,35810,9,23,116,189,204,333,297,181,261,224,0,0,0,0,0,0,1,18,60,67
2020/05/21,56166,111090,126273,163636,160997,183249,187276,129216,93364,35810,9,23,116,189,204,332,296,181,260,224,0,0,0,0,0,0,1,17,60,67
2020/05/20,56166,111090,126273,163636,160997,183249,187276,129216,93364,35810,9,23,116,189,204,332,296,181,260,224,0,0,0,0,0,0,1,17,59,67
2020/05/19,56166,111090,126273,163636,160997,183249,187276,129216,93364,35810,9,23,116,189,204,331,295,181,260,223,0,0,0,0,0,0,1,17,59,66
2020/05/18,56166,111090,126273,163636,160997,183249,187276,129216,93364,35810,9,23,116,189,204,331,295,180,258,223,0,0,0,0,0,0,1,17,59,66
2020/05/17,56166,111090,126273,163636,160997,183249,187276,129216,93364,35810,9,23,116,189,204,331,294,180,257,222,0,0,0,0,0,0,1,16,59,65
2020/05/16,56166,111090,126273,163636,160997,183249,187276,129216,93364,35810,9,23,116,189,204,331,294,180,256,222,0,0,0,0,0,0,1,16,59,65
2020/05/15,56166,111090,126273,163636,160997,183249,187276,129216,93364,35810,9,23,116,188,203,331,294,180,256,222,0,0,0,0,0,0,1,16,59,65
2020/05/14,56166,111090,126273,163636,160997,183249,187276,129216,93364,35810,9,23,116,188,203,329,294,180,256,222,0,0,0,0,0,0,1,16,59,65
2020/05/13,56166,111090,126273,163636,160997,183249,187276,129216,93364,35810,9,23,115,188,203,329,294,180,256,222,0,0,0,0,0,0,1,16,59,65
2020/05/12,56166,111090,126273,163636,160997,183249,187276,129216,93364,35810,9,23,115,188,203,329,294,180,256,222,0,0,0,0,0,0,1,16,58,65
2020/05/11,56166,111090,126273,163636,160997,183249,187276,129216,93364,35810,9,23,115,188,203,329,294,180,256,221,0,0,0,0,0,0,1,16,58,65
2020/05/10,56166,111090,126273,163636,160997,183249,187276,129216,93364,35810,9,23,115,188,203,328,294,180,256,221,0,0,0,0,0,0,1,16,58,65
2020/05/09,56166,111090,126273,163636,160997,183249,187276,129216,93364,35810,9,23,115,188,203,328,294,180,256,221,0,0,0,0,0,0,1,16,58,65
2020/05/08,56166,111090,126273,163636,160997,183249,187276,129216,93364,35810,9,23,115,185,203,326,294,180,254,211,0,0,0,0,0,0,1,16,58,63
2020/05/07,56166,111090,126273,163636,160997,183249,187276,129216,93364,35810,9,23,114,185,202,325,293,180,254,210,0,0,0,0,0,0,1,16,58,63
2020/05/06,56166,111090,126273,163636,160997,183249,187276,129216,93364,35810,9,23,114,185,200,325,293,180,253,209,0,0,0,0,0,0,1,16,58,63
2020/05/05,56166,111090,126273,163636,160997,183249,187276,129216,93364,35810,9,23,113,184,200,323,290,180,253,208,0,0,0,0,0,0,1,16,58,63
2020/05/04,56166,111090,126273,163636,160997,183249,187276,129216,93364,35810,9,23,113,184,199,323,290,180,252,207,0,0,0,0,0,0,1,16,58,63
2020/05/03,56166,111090,126273,163636,160997,183249,187276,129216,93364,35810,9,23,113,184,198,322,290,180,251,207,0,0,0,0,0,0,1,16,58,62
2020/05/02,56166,111090,126273,163636,160997,183249,187276,129216,93364,35810,9,23,113,184,198,321,290,180,251,207,0,0,0,0,0,0,1,16,58,61
2020/05/01,56166,111090,126273,163636,160997,183249,187276,129216,93364,35810,9,23,112,184,198,321,290,180,251,206,0,0,0,0,0,0,1,16,58,61
2020/04/30,56166,111090,126273,163636,160997,183249,187276,129216,93364,35810,9,23,112,184,197,321,290,180,250,204,0,0,0,0,0,0,1,16,58,61
2020/04/29,56166,111090,126273,163636,160997,183249,187276,129216,93364,35810,9,23,111,183,197,320,289,178,249,203,0,0,0,0,0,0,1,16,58,61
2020/04/28,56166,111090,126273,163636,160997,183249,187276,129216,93364,35810,9,23,111,182,197,319,289,178,247,202,0,0,0,0,0,0,1,16,56,59
2020/04/27,56166,111090,126273,163636,160997,183249,187276,129216,93364,35810,9,22,111,182,197,319,288,177,247,201,0,0,0,0,0,0,1,16,53,58
2020/04/26,56166,111090,126273,163636,160997,183249,187276,129216,93364,35810,9,21,110,181,195,319,287,177,245,199,0,0,0,0,0,0,1,16,53,58
2020/04/25,56166,111090,126273,163636,160997,183249,187276,129216,93364,35810,7,17,109,181,194,318,286,176,244,199,0,0,0,0,0,0,1,16,52,57
2020/04/24,56166,111090,126273,163636,160997,183249,187276,129216,93364,35810,7,17,107,180,191,315,285,176,238,197,0,0,0,0,0,0,1,15,52,56
2020/04/23,56166,111090,126273,163636,160997,183249,187276,129216,93364,35810,7,17,105,179,189,315,285,175,236,197,0,0,0,0,0,0,1,14,51,56
2020/04/22,56166,111090,126273,163636,160997,183249,187276,129216,93364,35810,7,17,105,177,187,312,284,174,236,195,0,0,0,0,0,0,1,14,50,55
2020/04/21,56166,111090,126273,163636,160997,183249,187276,129216,93364,35810,7,16,102,170,185,312,283,173,236,194,0,0,0,0,0,0,1,14,50,53
2020/04/20,56166,111090,126273,163636,160997,183249,187276,129216,93364,35810,7,15,101,170,184,312,283,172,234,194,0,0,0,0,0,0,1,14,49,53
2020/04/19,56166,111090,126273,163636,160997,183249,187276,129216,93364,35810,7,15,101,166,183,311,280,171,234,194,0,0,0,0,0,0,1,12,49,52
2020/04/18,56166,111090,126273,163636,160997,183249,187276,129216,93364,35810,7,15,101,165,183,309,279,171,233,192,0,0,0,0,0,0,1,12,48,49
2020/04/17,56166,111090,126273,163636,160997,183249,187276,129216,93364,35810,7,15,100,165,183,308,278,171,233,187,0,0,0,0,0,0,1,11,47,47
2020/04/16,56166,111090,126273,163636,160997,183249,187276,129216,93364,35810,7,15,98,164,180,306,278,169,231,184,0,0,0,0,0,0,1,11,45,46
2020/04/15,56166,111090,126273,163636,160997,183249,187276,129216,93364,35810,7,15,96,162,176,306,277,167,226,181,0,0,0,0,0,0,1,11,44,44
2020/04/14,56166,111090,126273,163636,160997,183249,187276,129216,93364,35810,7,15,94,158,173,305,274,165,224,179,0,0,0,0,0,0,1,11,42,42
2020/04/13,56166,111090,126273,163636,160997,183249,187276,129216,93364,35810,6,15,93,156,171,304,271,163,222,174,0,0,0,0,0,0,1,11,42,41
2020/04/12,56166,111090,126273,163636,160997,183249,187276,129216,93364,35810,6,15,92,155,168,301,270,162,217,170,0,0,0,0,0,0,1,10,41,36
2020/04/11,56166,111090,126273,163636,160997,183249,187276,129216,93364,35810,6,14,91,155,166,298,268,161,214,155,0,0,0,0,0,0,1,9,40,34
2020/04/10,56166,111090,126273,163636,160997,183249,187276,129216,93364,35810,6,14,88,155,165,293,264,157,211,150,0,0,0,0,0,0,1,8,38,33
2020/04/09,56166,111090,126273,163636,160997,183249,187276,129216,93364,35810,6,14,87,155,164,287,263,155,201,140,0,0,0,0,0,0,1,8,35,32
2020/04/08,56166,111090,126273,163636,160997,183249,187276,129216,93364,35810,6,14,86,151,163,276,259,153,197,135,0,0,0,0,0,0,1,8,34,30
2020/04/07,56166,111090,126273,163636,160997,183249,187276,129216,93364,35810,6,13,83,149,160,267,256,149,193,126,0,0,0,0,0,0,1,8,34,28
2020/04/06,56166,111090,126273,163636,160997,183249,187276,129216,93364,35810,6,13,79,145,154,263,250,139,189,119,0,0,0,0,0,0,1,8,32,26
2020/04/05,56166,111090,126273,163636,160997,183249,187276,129216,93364,35810,6,13,77,141,150,254,247,131,184,114,0,0,0,0,0,0,1,8,28,24
2020/04/04,56166,111090,126273,163636,160997,183249,187276,129216,93364,35810,6,13,76,137,144,250,243,128,183,112,0,0,0,0,0,0,1,7,28,21
2020/04/03,56166,111090,126273,163636,160997,183249,187276,129216,93364,35810,6,12,71,134,138,236,236,125,174,101,0,0,0,0,0,0,0,7,28,18
2020/04/02,56166,111090,126273,163636,160997,183249,187276,129216,93364,35810,6,11,70,126,130,227,228,121,165,89,0,0,0,0,0,0,0,7,24,16
2020/04/01,56166,111090,126273,163636,160997,183249,187276,129216,93364,35810,6,10,67,118,126,218,219,119,161,85,0,0,0,0,0,0,0,7,22,12
2020/03/31,56166,111090,126273,163636,160997,183249,187276,129216,93364,35810,6,9,67,112,122,207,207,108,152,78,0,0,0,0,0,0,0,6,22,10
2020/03/30,56166,111090,126273,163636,160997,183249,187276,129216,93364,35810,6,9,59,101,115,197,196,108,141,74,0,0,0,0,0,0,0,5,20,9
2020/03/29,56166,111090,126273,163636,160997,183249,187276,129216,93364,35810,5,8,52,95,111,180,189,106,124,68,0,0,0,0,0,0,0,3,18,7
2020/03/28,56166,111090,126273,163636,160997,183249,187276,129216,93364,35810,4,8,44,86,100,168,185,102,119,64,0,0,0,0,0,0,0,3,18,5
2020/03/27,56166,111090,126273,163636,160997,183249,187276,129216,93364,35810,1,8,43,79,91,158,174,94,111,60,0,0,0,0,0,0,0,1,16,5
2020/03/26,56166,111090,126273,163636,160997,183249,187276,129216,93364,35810,1,7,39,76,85,149,153,85,105,51,0,0,0,0,0,0,0,0,12,3
2020/03/25,56166,111090,126273,163636,160997,183249,187276,129216,93364,35810,0,7,35,68,76,132,127,71,90,36,0,0,0,0,0,0,0,0,11,2
2020/03/24,56166,111090,126273,163636,160997,183249,187276,129216,93364,35810,0,7,31,60,72,124,113,68,84,32,0,0,0,0,0,0,0,0,10,0
2020/03/23,56166,111090,126273,163636,160997,183249,187276,129216,93364,35810,0,7,30,52,64,110,91,55,72,25,0,0,0,0,0,0,0,0,8,0
2020/03/22,56166,111090,126273,163636,160997,183249,187276,129216,93364,35810,0,4,29,49,60,93,81,50,68,22,0,0,0,0,0,0,0,0,7,0
2020/03/21,56166,111090,126273,163636,160997,183249,187276,129216,93364,35810,0,2,28,43,55,87,72,46,61,21,0,0,0,0,0,0,0,0,6,0
2020/03/20,56166,111090,126273,163636,160997,183249,187276,129216,93364,35810,0,1,25,37,50,82,58,38,46,18,0,0,0,0,0,0,0,0,4,0
2020/03/19,56166,111090,126273,163636,160997,183249,187276,129216,93364,35810,0,1,24,32,39,68,53,31,36,15,0,0,0,0,0,0,0,0,4,0
2020/03/18,56166,111090,126273,163636,160997,183249,187276,129216,93364,35810,0,0,23,29,31,58,42,25,21,9,0,0,0,0,0,0,0,0,4,0
2020/03/17,56166,111090,126273,163636,160997,183249,187276,129216,93364,35810,0,0,16,23,26,46,37,22,16,8,0,0,0,0,0,0,0,0,2,0
2020/03/16,56166,111090,126273,163636,160997,183249,187276,129216,93364,35810,0,0,8,18,21,37,29,18,11,6,0,0,0,0,0,0,0,0,1,0
2020/03/15,56166,111090,126273,163636,160997,183249,187276,129216,93364,35810,0,0,6,12,18,30,20,16,7,5,0,0,0,0,0,0,0,0,0,0
2020/03/14,56166,111090,126273,163636,160997,183249,187276,129216,93364,35810,0,0,5,11,16,22,14,11,5,1,0,0,0,0,0,0,0,0,0,0
2020/03/13,56166,111090,126273,163636,160997,183249,187276,129216,93364,35810,0,0,4,7,12,15,14,7,5,1,0,0,0,0,0,0,0,0,0,0
2020/03/12,56166,111090,126273,163636,160997,183249,187276,129216,93364,35810,0,0,1,4,7,10,11,5,2,1,0,0,0,0,0,0,0,0,0,0
2020/03/11,56166,111090,126273,163636,160997,183249,187276,129216,93364,35810,0,0,0,1,4,7,10,4,2,0,0,0,0,0,0,0,0,0,0,0
2020/03/10,56166,111090,126273,163636,160997,183249,187276,129216,93364,35810,0,0,0,0,1,5,8,3,2,0,0,0,0,0,0,0,0,0,0,0
2020/03/09,56166,111090,126273,163636,160997,183249,187276,129216,93364,35810,0,0,0,0,1,5,8,2,2,0,0,0,0,0,0,0,0,0,0,0
2020/03/08,56166,111090,126273,163636,160997,183249,187276,129216,93364,35810,0,0,0,0,1,5,2,1,2,0,0,0,0,0,0,0,0,0,0,0
2020/03/07,56166,111090,126273,163636,160997,183249,187276,129216,93364,35810,0,0,0,0,1,3,2,1,1,0,0,0,0,0,0,0,0,0,0,0
2020/03/06,56166,111090,126273,163636,160997,183249,187276,129216,93364,35810,0,0,0,0,1,3,2,0,0,0,0,0,0,0,0,0,0,0,0,0
2020/03/05,56166,111090,126273,163636,160997,183249,187276,129216,93364,35810,0,0,0,0,1,2,1,0,0,0,0,0,0,0,0,0,0,0,0,0
2020/03/04,56166,111090,126273,163636,160997,183249,187276,129216,93364,35810,0,0,0,0,1,2,1,0,0,0,0,0,0,0,0,0,0,0,0,0
2020/03/03,56166,111090,126273,163636,160997,183249,187276,129216,93364,35810,0,0,0,0,1,1,1,0,0,0,0,0,0,0,0,0,0,0,0,0
2020/03/02,56166,111090,126273,163636,160997,183249,187276,129216,93364,35810,0,0,0,0,1,1,1,0,0,0,0,0,0,0,0,0,0,0,0,0
2020/03/01,56166,111090,126273,163636,160997,183249,187276,129216,93364,35810,0,0,0,0,0,1,0,0,0,0,0,0,0,0,0,0,0,0,0,0
2020/02/29,56166,111090,126273,163636,160997,183249,187276,129216,93364,35810,0,0,0,0,0,1,0,0,0,0,0,0,0,0,0,0,0,0,0,0
2020/02/28,56166,111090,126273,163636,160997,183249,187276,129216,93364,35810,0,0,0,0,0,1,0,0,0,0,0,0,0,0,0,0,0,0,0,0
2020/02/27,56166,111090,126273,163636,160997,183249,187276,129216,93364,35810,0,0,0,0,0,0,0,0,0,0,0,0,0,0,0,0,0,0,0,0
2020/02/26,56166,111090,126273,163636,160997,183249,187276,129216,93364,35810,0,0,0,0,0,0,0,0,0,0,0,0,0,0,0,0,0,0,0,0
