date,Wi_pop_<5,Wi_pop_5-14,Wi_pop_15-24,Wi_pop_25-34,Wi_pop_35-44,Wi_pop_45-54,Wi_pop_55-64,Wi_pop_65-74,Wi_pop_75-84,Wi_pop_>84,Wi_inf_<5,Wi_inf_5-14,Wi_inf_15-24,Wi_inf_25-34,Wi_inf_35-44,Wi_inf_45-54,Wi_inf_55-64,Wi_inf_65-74,Wi_inf_75-84,Wi_inf_>84,Wi_dea_<5,Wi_dea_5-14,Wi_dea_15-24,Wi_dea_25-34,Wi_dea_35-44,Wi_dea_45-54,Wi_dea_55-64,Wi_dea_65-74,Wi_dea_75-84,Wi_dea_>84
2021/07/04,97727,180733,218384,319696,279755,268486,238543,160508,119382,37735,2448,12451,21975,26429,22651,21548,14788,7070,5855,3866,0,1,5,7,7,56,158,386,794,943
2021/07/03,97727,180733,218384,319696,279755,268486,238543,160508,119382,37735,2448,12449,21957,26418,22643,21547,14785,7070,5854,3866,0,1,5,7,7,56,158,386,794,943
2021/07/02,97727,180733,218384,319696,279755,268486,238543,160508,119382,37735,2447,12439,21931,26403,22631,21540,14778,7069,5853,3865,0,1,5,7,7,55,158,386,794,943
2021/07/01,97727,180733,218384,319696,279755,268486,238543,160508,119382,37735,2448,12431,21919,26396,22624,21537,14772,7070,5854,3864,0,1,5,7,7,55,158,386,794,943
2021/06/30,97727,180733,218384,319696,279755,268486,238543,160508,119382,37735,2449,12425,21903,26386,22620,21530,14771,7071,5854,3865,0,1,5,7,7,55,158,386,793,943
2021/06/29,97727,180733,218384,319696,279755,268486,238543,160508,119382,37735,2448,12423,21883,26388,22619,21531,14773,7069,5853,3864,0,1,5,7,7,55,158,386,792,943
2021/06/28,97727,180733,218384,319696,279755,268486,238543,160508,119382,37735,2447,12427,21880,26394,22623,21537,14774,7071,5855,3865,0,1,5,7,7,55,158,386,792,942
2021/06/27,99093,179304,219815,318265,276009,271115,232100,158284,118144,39062,2448,12419,21875,26401,22622,21539,14776,7074,5857,3866,0,1,5,7,7,55,158,386,792,942
2021/06/26,99093,179304,219815,318265,276009,271115,232100,158284,118144,39062,2448,12414,21865,26392,22614,21530,14773,7073,5856,3866,0,1,5,7,7,55,158,386,792,942
2021/06/25,99093,179304,219815,318265,276009,271115,232100,158284,118144,39062,2444,12391,21844,26363,22602,21527,14764,7073,5856,3866,0,1,5,7,7,55,158,386,792,942
2021/06/24,99093,179304,219815,318265,276009,271115,232100,158284,118144,39062,2442,12383,21832,26350,22599,21521,14758,7071,5856,3866,0,1,5,7,7,55,158,386,792,942
2021/06/23,99093,179304,219815,318265,276009,271115,232100,158284,118144,39062,2440,12377,21822,26334,22594,21513,14755,7071,5855,3867,0,1,5,7,7,55,158,386,792,942
2021/06/22,99093,179304,219815,318265,276009,271115,232100,158284,118144,39062,2439,12368,21805,26331,22587,21508,14752,7070,5855,3868,0,1,5,7,7,55,158,386,792,942
2021/06/21,99093,179304,219815,318265,276009,271115,232100,158284,118144,39062,2438,12365,21794,26320,22587,21504,14750,7070,5854,3864,0,1,5,7,7,55,158,385,792,942
2021/06/20,99093,179304,219815,318265,276009,271115,232100,158284,118144,39062,2436,12355,21782,26319,22591,21499,14749,7070,5852,3866,0,1,5,7,7,55,158,385,792,942
2021/06/19,99093,179304,219815,318265,276009,271115,232100,158284,118144,39062,2436,12346,21779,26313,22582,21493,14748,7070,5855,3867,0,1,5,7,7,55,158,385,792,942
2021/06/18,99093,179304,219815,318265,276009,271115,232100,158284,118144,39062,2435,12333,21768,26305,22567,21479,14741,7069,5852,3866,0,1,5,7,7,55,158,385,792,942
2021/06/17,99093,179304,219815,318265,276009,271115,232100,158284,118144,39062,2433,12327,21746,26284,22557,21477,14739,7067,5850,3865,0,1,5,7,7,55,158,385,792,942
2021/06/16,99093,179304,219815,318265,276009,271115,232100,158284,118144,39062,2431,12308,21714,26270,22538,21470,14740,7067,5849,3864,0,1,5,7,7,55,158,384,792,942
2021/06/15,99093,179304,219815,318265,276009,271115,232100,158284,118144,39062,2432,12295,21691,26254,22519,21464,14735,7064,5846,3862,0,1,5,7,7,55,158,384,792,942
2021/06/14,99093,179304,219815,318265,276009,271115,232100,158284,118144,39062,2431,12288,21676,26241,22511,21459,14730,7064,5845,3862,0,1,5,7,6,54,158,383,792,942
2021/06/13,99093,179304,219815,318265,276009,271115,232100,158284,118144,39062,2428,12285,21671,26241,22507,21459,14738,7066,5846,3862,0,1,5,7,6,54,158,383,792,942
2021/06/12,99093,179304,219815,318265,276009,271115,232100,158284,118144,39062,2425,12270,21638,26211,22486,21446,14734,7064,5846,3862,0,1,5,7,6,54,158,383,792,942
2021/06/11,99093,179304,219815,318265,276009,271115,232100,158284,118144,39062,2424,12265,21623,26193,22471,21440,14724,7062,5840,3862,0,1,5,7,6,54,157,383,792,942
2021/06/10,99093,179304,219815,318265,276009,271115,232100,158284,118144,39062,2421,12247,21590,26170,22459,21428,14717,7060,5840,3862,0,1,5,7,6,54,157,383,792,941
2021/06/09,99093,179304,219815,318265,276009,271115,232100,158284,118144,39062,2419,12234,21576,26156,22447,21419,14713,7060,5838,3862,0,1,5,7,6,54,157,383,792,940
2021/06/08,99093,179304,219815,318265,276009,271115,232100,158284,118144,39062,2417,12222,21552,26134,22433,21413,14707,7056,5837,3861,0,1,5,7,6,54,157,383,792,940
2021/06/07,99093,179304,219815,318265,276009,271115,232100,158284,118144,39062,2416,12211,21534,26123,22423,21406,14702,7054,5837,3859,0,1,5,7,6,54,157,383,791,942
2021/06/06,99093,179304,219815,318265,276009,271115,232100,158284,118144,39062,2415,12205,21521,26120,22409,21401,14705,7057,5835,3858,0,1,4,7,6,54,157,383,791,940
2021/06/05,99093,179304,219815,318265,276009,271115,232100,158284,118144,39062,2410,12194,21493,26097,22389,21393,14694,7056,5835,3858,0,1,4,7,6,53,157,383,791,940
2021/06/04,99093,179304,219815,318265,276009,271115,232100,158284,118144,39062,2405,12182,21473,26074,22379,21386,14685,7052,5837,3858,0,1,4,7,6,53,157,381,790,940
2021/06/03,99093,179304,219815,318265,276009,271115,232100,158284,118144,39062,2401,12180,21454,26063,22367,21383,14676,7057,5835,3860,0,1,4,7,6,53,157,381,790,940
2021/06/02,99093,179304,219815,318265,276009,271115,232100,158284,118144,39062,2399,12174,21436,26053,22360,21368,14672,7052,5832,3859,0,1,4,7,6,53,156,379,789,941
2021/06/01,99093,179304,219815,318265,276009,271115,232100,158284,118144,39062,2397,12147,21411,26025,22332,21356,14667,7043,5826,3857,0,1,4,7,6,53,155,379,788,939
2021/05/31,99093,179304,219815,318265,276009,271115,232100,158284,118144,39062,2396,12140,21400,26018,22317,21345,14665,7040,5826,3857,0,1,4,7,6,53,155,379,786,939
2021/05/30,99093,179304,219815,318265,276009,271115,232100,158284,118144,39062,2396,12149,21404,26023,22329,21350,14669,7042,5829,3861,0,1,4,7,6,53,155,379,786,938
2021/05/29,99093,179304,219815,318265,276009,271115,232100,158284,118144,39062,2395,12138,21394,26008,22315,21343,14659,7042,5830,3859,0,1,4,7,6,53,155,377,785,938
2021/05/28,99093,179304,219815,318265,276009,271115,232100,158284,118144,39062,2393,12112,21369,25977,22287,21321,14639,7039,5827,3856,0,1,4,7,6,53,155,376,784,938
2021/05/27,99093,179304,219815,318265,276009,271115,232100,158284,118144,39062,2390,12091,21345,25952,22268,21306,14629,7032,5827,3857,0,1,4,7,6,52,153,375,784,938
2021/05/26,99093,179304,219815,318265,276009,271115,232100,158284,118144,39062,2389,12074,21328,25935,22246,21290,14617,7030,5825,3856,0,1,4,7,6,52,152,375,783,938
2021/05/25,99093,179304,219815,318265,276009,271115,232100,158284,118144,39062,2387,12063,21326,25929,22238,21286,14618,7027,5824,3856,0,1,4,7,6,52,151,375,781,936
2021/05/24,99093,179304,219815,318265,276009,271115,232100,158284,118144,39062,2386,12046,21311,25921,22236,21282,14616,7030,5825,3859,0,1,4,7,6,52,150,375,781,936
2021/05/23,99093,179304,219815,318265,276009,271115,232100,158284,118144,39062,2381,12036,21300,25907,22224,21277,14613,7026,5824,3855,0,1,4,6,6,52,150,374,781,936
2021/05/22,99093,179304,219815,318265,276009,271115,232100,158284,118144,39062,2378,12005,21275,25887,22208,21261,14602,7021,5822,3855,0,1,4,6,6,52,150,374,781,936
2021/05/21,99093,179304,219815,318265,276009,271115,232100,158284,118144,39062,2375,11989,21247,25871,22181,21249,14591,7020,5815,3854,0,1,4,6,6,52,149,372,781,936
2021/05/20,99093,179304,219815,318265,276009,271115,232100,158284,118144,39062,2372,11972,21225,25841,22163,21228,14578,7012,5808,3853,0,1,4,6,6,51,149,372,780,935
2021/05/19,99093,179304,219815,318265,276009,271115,232100,158284,118144,39062,2366,11952,21203,25826,22146,21207,14573,7010,5807,3852,0,1,4,6,6,51,149,372,781,935
2021/05/18,99093,179304,219815,318265,276009,271115,232100,158284,118144,39062,2361,11906,21169,25780,22112,21187,14554,7008,5805,3851,0,1,4,6,6,51,148,368,777,935
2021/05/17,99093,179304,219815,318265,276009,271115,232100,158284,118144,39062,2360,11895,21152,25757,22094,21175,14549,7002,5801,3849,0,1,4,6,6,49,147,366,776,935
2021/05/16,99093,179304,219815,318265,276009,271115,232100,158284,118144,39062,2357,11898,21152,25761,22091,21172,14550,6997,5806,3847,0,1,4,6,6,49,147,364,775,934
2021/05/15,99093,179304,219815,318265,276009,271115,232100,158284,118144,39062,2351,11872,21116,25718,22056,21145,14527,6993,5801,3846,0,1,4,6,6,49,147,364,775,933
2021/05/14,99093,179304,219815,318265,276009,271115,232100,158284,118144,39062,2346,11853,21096,25689,22031,21135,14516,6989,5796,3845,0,1,4,6,6,49,145,361,774,933
2021/05/13,99093,179304,219815,318265,276009,271115,232100,158284,118144,39062,2344,11828,21077,25671,22015,21114,14509,6986,5795,3846,0,1,4,6,6,49,145,359,774,933
2021/05/12,99093,179304,219815,318265,276009,271115,232100,158284,118144,39062,2341,11795,21006,25603,21942,21050,14462,6965,5785,3845,0,1,4,6,6,49,143,356,772,933
2021/05/11,99093,179304,219815,318265,276009,271115,232100,158284,118144,39062,2322,11751,20959,25552,21890,21000,14440,6952,5779,3840,0,1,4,6,6,49,142,353,770,930
2021/05/10,99093,179304,219815,318265,276009,271115,232100,158284,118144,39062,2320,11729,20933,25537,21875,20968,14425,6945,5772,3841,0,1,4,6,6,48,141,353,767,930
2021/05/09,99093,179304,219815,318265,276009,271115,232100,158284,118144,39062,2311,11729,20924,25516,21867,20955,14423,6942,5771,3844,0,1,4,6,6,48,141,352,764,929
2021/05/08,99093,179304,219815,318265,276009,271115,232100,158284,118144,39062,2306,11679,20884,25478,21818,20914,14404,6929,5765,3840,0,1,4,6,6,48,141,352,762,927
2021/05/07,99093,179304,219815,318265,276009,271115,232100,158284,118144,39062,2297,11655,20851,25438,21771,20879,14383,6918,5755,3833,0,1,4,6,6,48,141,350,762,925
2021/05/06,99093,179304,219815,318265,276009,271115,232100,158284,118144,39062,2288,11604,20804,25399,21728,20850,14359,6917,5752,3832,0,1,4,6,6,48,139,348,760,922
2021/05/05,99093,179304,219815,318265,276009,271115,232100,158284,118144,39062,2279,11568,20765,25371,21694,20808,14335,6906,5744,3831,0,1,4,6,6,48,139,347,760,921
2021/05/04,99093,179304,219815,318265,276009,271115,232100,158284,118144,39062,2275,11505,20702,25314,21614,20767,14311,6892,5731,3829,0,1,4,6,6,48,137,344,758,919
2021/05/03,99093,179304,219815,318265,276009,271115,232100,158284,118144,39062,2262,11486,20686,25309,21617,20751,14300,6892,5738,3830,0,1,4,6,6,48,136,343,757,918
2021/05/02,99093,179304,219815,318265,276009,271115,232100,158284,118144,39062,2257,11493,20694,25309,21605,20755,14302,6890,5749,3831,0,1,4,6,6,46,136,342,754,914
2021/05/01,99093,179304,219815,318265,276009,271115,232100,158284,118144,39062,2242,11407,20604,25229,21511,20672,14253,6869,5737,3829,0,1,4,6,6,46,136,341,751,914
2021/04/30,99093,179304,219815,318265,276009,271115,232100,158284,118144,39062,2227,11361,20566,25173,21460,20625,14228,6849,5729,3831,0,1,4,6,6,44,136,340,750,913
2021/04/29,99093,179304,219815,318265,276009,271115,232100,158284,118144,39062,2206,11282,20476,25096,21396,20565,14187,6816,5711,3830,0,1,4,6,6,44,135,338,744,910
2021/04/28,99093,179304,219815,318265,276009,271115,232100,158284,118144,39062,2196,11226,20418,25019,21327,20522,14145,6799,5703,3828,0,1,4,6,6,43,134,335,738,908
2021/04/27,99093,179304,219815,318265,276009,271115,232100,158284,118144,39062,2185,11156,20315,24934,21232,20437,14079,6773,5698,3832,0,1,4,6,6,42,134,331,733,906
2021/04/26,99093,179304,219815,318265,276009,271115,232100,158284,118144,39062,2178,11153,20305,24940,21210,20436,14075,6766,5701,3828,0,1,4,6,6,41,134,331,733,904
2021/04/25,99093,179304,219815,318265,276009,271115,232100,158284,118144,39062,2168,11133,20293,24918,21181,20431,14050,6761,5699,3832,0,1,4,6,6,40,133,327,731,900
2021/04/24,99093,179304,219815,318265,276009,271115,232100,158284,118144,39062,2147,11084,20211,24839,21087,20352,14005,6739,5688,3823,0,1,4,6,6,40,132,327,731,900
2021/04/23,99093,179304,219815,318265,276009,271115,232100,158284,118144,39062,2141,11017,20097,24724,20989,20246,13945,6703,5669,3811,0,1,4,6,6,40,130,324,728,899
2021/04/22,99093,179304,219815,318265,276009,271115,232100,158284,118144,39062,2133,10956,20027,24637,20925,20178,13883,6697,5653,3805,0,1,4,6,6,40,127,322,722,898
2021/04/21,99093,179304,219815,318265,276009,271115,232100,158284,118144,39062,2118,10906,19921,24539,20832,20110,13822,6662,5639,3797,0,1,4,6,6,40,126,321,714,894
2021/04/20,99093,179304,219815,318265,276009,271115,232100,158284,118144,39062,2105,10886,19841,24445,20756,20006,13765,6632,5624,3791,0,1,4,6,6,40,125,317,709,894
2021/04/19,99093,179304,219815,318265,276009,271115,232100,158284,118144,39062,2094,10863,19798,24393,20706,19953,13729,6605,5609,3785,0,1,4,6,6,39,123,316,707,891
2021/04/18,99093,179304,219815,318265,276009,271115,232100,158284,118144,39062,2087,10812,19717,24309,20626,19874,13694,6584,5601,3788,0,1,4,6,6,39,123,316,704,890
2021/04/17,99093,179304,219815,318265,276009,271115,232100,158284,118144,39062,2077,10755,19642,24212,20531,19790,13630,6548,5577,3780,0,1,4,6,5,39,120,311,700,884
2021/04/16,99093,179304,219815,318265,276009,271115,232100,158284,118144,39062,2058,10675,19503,24076,20398,19696,13563,6510,5550,3760,0,1,4,6,5,39,119,310,693,882
2021/04/15,99093,179304,219815,318265,276009,271115,232100,158284,118144,39062,2041,10617,19408,23996,20304,19587,13508,6480,5526,3753,0,1,4,6,5,37,118,309,690,881
2021/04/14,99093,179304,219815,318265,276009,271115,232100,158284,118144,39062,2036,10561,19303,23907,20204,19536,13461,6446,5508,3747,0,1,4,6,5,35,118,309,688,880
2021/04/13,99093,179304,219815,318265,276009,271115,232100,158284,118144,39062,2026,10498,19176,23775,20072,19427,13372,6417,5478,3742,0,1,4,6,5,34,116,308,685,877
2021/04/12,99093,179304,219815,318265,276009,271115,232100,158284,118144,39062,2012,10487,19106,23712,20028,19372,13331,6382,5460,3735,0,1,4,6,5,34,114,305,683,869
2021/04/11,99093,179304,219815,318265,276009,271115,232100,158284,118144,39062,2005,10456,19070,23654,19999,19316,13302,6370,5456,3743,0,1,4,6,5,34,114,303,680,863
2021/04/10,99093,179304,219815,318265,276009,271115,232100,158284,118144,39062,1989,10389,18979,23532,19877,19227,13234,6328,5429,3735,0,1,4,6,5,34,114,303,680,863
2021/04/09,99093,179304,219815,318265,276009,271115,232100,158284,118144,39062,1969,10312,18826,23323,19720,19076,13117,6289,5396,3712,0,1,4,6,5,34,112,301,673,860
2021/04/08,99093,179304,219815,318265,276009,271115,232100,158284,118144,39062,1948,10256,18753,23242,19661,19022,13050,6270,5375,3702,0,1,4,6,5,34,110,299,664,857
2021/04/07,99093,179304,219815,318265,276009,271115,232100,158284,118144,39062,1935,10152,18582,23066,19474,18845,12946,6216,5351,3674,0,1,4,6,5,34,109,298,661,854
2021/04/06,99093,179304,219815,318265,276009,271115,232100,158284,118144,39062,1922,10043,18400,22865,19275,18680,12817,6162,5315,3663,0,1,4,6,5,34,109,293,655,853
2021/04/05,99093,179304,219815,318265,276009,271115,232100,158284,118144,39062,1901,9930,18225,22647,19048,18498,12693,6102,5265,3650,0,1,4,6,5,34,109,293,650,851
2021/04/04,99093,179304,219815,318265,276009,271115,232100,158284,118144,39062,1901,9930,18225,22647,19048,18498,12693,6102,5265,3650,0,1,4,6,5,34,109,293,650,851
2021/04/03,99093,179304,219815,318265,276009,271115,232100,158284,118144,39062,1886,9862,18137,22534,18939,18403,12644,6068,5241,3645,0,1,4,6,5,34,107,286,644,850
2021/04/02,99093,179304,219815,318265,276009,271115,232100,158284,118144,39062,1860,9751,17954,22279,18713,18225,12491,6010,5196,3636,0,1,3,6,5,34,107,285,644,848
2021/04/01,99093,179304,219815,318265,276009,271115,232100,158284,118144,39062,1845,9681,17845,22148,18572,18085,12386,5979,5177,3627,0,1,3,6,4,34,105,283,640,843
2021/03/31,99093,179304,219815,318265,276009,271115,232100,158284,118144,39062,1815,9580,17706,21976,18413,17955,12280,5929,5142,3627,0,1,3,5,4,34,104,282,635,842
2021/03/30,99093,179304,219815,318265,276009,271115,232100,158284,118144,39062,1799,9517,17560,21805,18260,17796,12188,5887,5111,3617,0,1,3,5,4,34,103,280,630,839
2021/03/29,99093,179304,219815,318265,276009,271115,232100,158284,118144,39062,1783,9440,17457,21683,18118,17668,12113,5854,5087,3615,0,1,2,5,4,34,103,276,630,835
2021/03/28,99093,179304,219815,318265,276009,271115,232100,158284,118144,39062,1765,9340,17301,21532,17961,17540,12005,5806,5058,3606,0,1,2,5,4,34,101,273,629,832
2021/03/27,99093,179304,219815,318265,276009,271115,232100,158284,118144,39062,1750,9240,17186,21387,17804,17398,11931,5756,5034,3601,0,1,2,5,4,34,101,273,629,832
2021/03/26,99093,179304,219815,318265,276009,271115,232100,158284,118144,39062,1724,9049,16982,21161,17612,17227,11809,5699,5003,3590,0,1,2,5,4,32,98,271,620,828
2021/03/25,99093,179304,219815,318265,276009,271115,232100,158284,118144,39062,1706,8924,16844,20971,17457,17080,11724,5652,4970,3572,0,1,2,5,4,32,97,267,618,824
2021/03/24,99093,179304,219815,318265,276009,271115,232100,158284,118144,39062,1687,8777,16655,20766,17255,16903,11612,5590,4937,3555,0,1,2,5,3,32,97,266,616,823
2021/03/23,99093,179304,219815,318265,276009,271115,232100,158284,118144,39062,1676,8675,16572,20617,17152,16791,11543,5560,4912,3546,0,1,2,5,3,32,97,263,611,821
2021/03/22,99093,179304,219815,318265,276009,271115,232100,158284,118144,39062,1664,8623,16493,20540,17074,16719,11470,5524,4890,3542,0,1,2,5,3,32,96,259,609,821
2021/03/21,99093,179304,219815,318265,276009,271115,232100,158284,118144,39062,1646,8501,16390,20414,16955,16610,11380,5483,4865,3534,0,1,2,5,3,32,96,256,607,816
2021/03/20,99093,179304,219815,318265,276009,271115,232100,158284,118144,39062,1629,8386,16267,20263,16801,16474,11276,5444,4839,3519,0,1,2,5,3,32,96,255,606,815
2021/03/19,99093,179304,219815,318265,276009,271115,232100,158284,118144,39062,1608,8258,16112,20076,16596,16321,11175,5394,4815,3507,0,1,2,5,3,31,95,253,606,813
2021/03/18,99093,179304,219815,318265,276009,271115,232100,158284,118144,39062,1600,8098,15967,19924,16404,16170,11081,5356,4801,3497,0,1,2,5,3,31,95,253,605,813
2021/03/17,99093,179304,219815,318265,276009,271115,232100,158284,118144,39062,1570,7980,15818,19762,16236,16020,10979,5308,4773,3485,0,1,2,5,3,31,94,250,600,805
2021/03/16,99093,179304,219815,318265,276009,271115,232100,158284,118144,39062,1575,7921,15737,19670,16162,15957,10935,5302,4761,3478,0,1,2,5,3,31,92,249,599,799
2021/03/15,99093,179304,219815,318265,276009,271115,232100,158284,118144,39062,1564,7861,15646,19530,16024,15864,10858,5269,4734,3468,0,1,2,5,3,30,90,248,596,797
2021/03/14,99093,179304,219815,318265,276009,271115,232100,158284,118144,39062,1543,7750,15557,19409,15893,15741,10782,5235,4725,3456,0,1,2,5,3,30,90,246,592,796
2021/03/13,99093,179304,219815,318265,276009,271115,232100,158284,118144,39062,1517,7650,15441,19313,15762,15622,10723,5197,4705,3447,0,1,2,5,3,30,90,246,592,796
2021/03/12,99093,179304,219815,318265,276009,271115,232100,158284,118144,39062,1500,7520,15295,19162,15625,15477,10609,5158,4678,3433,0,1,2,5,3,29,90,245,589,796
2021/03/11,99093,179304,219815,318265,276009,271115,232100,158284,118144,39062,1479,7397,15181,18976,15496,15369,10527,5127,4655,3425,0,1,2,5,3,27,89,243,587,795
2021/03/10,99093,179304,219815,318265,276009,271115,232100,158284,118144,39062,1459,7277,15060,18855,15380,15263,10439,5110,4633,3414,0,1,2,5,3,26,89,242,584,794
2021/03/09,99093,179304,219815,318265,276009,271115,232100,158284,118144,39062,1444,7194,14956,18744,15233,15142,10390,5082,4613,3398,0,1,2,5,3,26,87,241,583,792
2021/03/08,99093,179304,219815,318265,276009,271115,232100,158284,118144,39062,1434,7163,14905,18671,15181,15061,10362,5075,4600,3394,0,1,2,4,3,26,86,239,580,790
2021/03/07,99093,179304,219815,318265,276009,271115,232100,158284,118144,39062,1429,7059,14783,18546,15067,14972,10275,5042,4583,3388,0,1,2,3,3,25,86,239,579,789
2021/03/06,99093,179304,219815,318265,276009,271115,232100,158284,118144,39062,1403,6948,14670,18377,14937,14851,10188,5017,4553,3370,0,1,2,3,3,25,86,238,577,788
2021/03/05,99093,179304,219815,318265,276009,271115,232100,158284,118144,39062,1373,6862,14584,18276,14823,14754,10118,4978,4530,3363,0,1,2,3,3,25,86,238,576,787
2021/03/04,99093,179304,219815,318265,276009,271115,232100,158284,118144,39062,1358,6763,14482,18150,14695,14649,10055,4954,4509,3359,0,1,2,3,3,25,85,238,576,782
2021/03/03,99093,179304,219815,318265,276009,271115,232100,158284,118144,39062,1347,6672,14393,18030,14578,14543,9990,4922,4486,3344,0,1,1,3,3,25,85,238,574,780
2021/03/02,99093,179304,219815,318265,276009,271115,232100,158284,118144,39062,1336,6566,14307,17909,14455,14421,9926,4893,4466,3338,0,1,1,3,3,25,84,236,572,777
2021/03/01,99093,179304,219815,318265,276009,271115,232100,158284,118144,39062,1315,6514,14226,17828,14377,14348,9878,4875,4456,3328,0,1,1,3,3,25,84,236,570,776
2021/02/28,99093,179304,219815,318265,276009,271115,232100,158284,118144,39062,1315,6517,14224,17818,14371,14342,9879,4877,4456,3330,0,1,1,3,3,25,83,236,568,775
2021/02/27,99093,179304,219815,318265,276009,271115,232100,158284,118144,39062,1304,6456,14152,17725,14291,14271,9813,4852,4447,3317,0,1,1,3,3,25,83,234,564,770
2021/02/26,99093,179304,219815,318265,276009,271115,232100,158284,118144,39062,1289,6314,14022,17590,14143,14158,9749,4815,4408,3314,0,1,1,3,3,25,83,234,563,763
2021/02/25,99093,179304,219815,318265,276009,271115,232100,158284,118144,39062,1267,6259,13962,17506,14051,14077,9699,4799,4392,3309,0,1,1,3,3,25,83,234,563,761
2021/02/24,99093,179304,219815,318265,276009,271115,232100,158284,118144,39062,1254,6192,13868,17404,13946,13988,9634,4768,4373,3302,0,1,1,3,3,24,82,233,563,756
2021/02/23,99093,179304,219815,318265,276009,271115,232100,158284,118144,39062,1225,6107,13797,17317,13825,13915,9590,4741,4355,3283,0,1,1,3,3,24,82,233,563,754
2021/02/22,99093,179304,219815,318265,276009,271115,232100,158284,118144,39062,1221,6078,13757,17249,13758,13865,9548,4718,4348,3273,0,1,1,3,3,24,81,233,562,752
2021/02/21,99093,179304,219815,318265,276009,271115,232100,158284,118144,39062,1209,6050,13742,17216,13714,13840,9543,4713,4339,3268,0,1,1,3,3,24,80,231,558,750
2021/02/20,99093,179304,219815,318265,276009,271115,232100,158284,118144,39062,1191,6002,13673,17159,13640,13781,9512,4683,4315,3257,0,1,1,3,3,24,80,231,557,750
2021/02/19,99093,179304,219815,318265,276009,271115,232100,158284,118144,39062,1178,5947,13592,17057,13542,13690,9457,4665,4298,3242,0,1,1,3,3,24,80,231,554,746
2021/02/18,99093,179304,219815,318265,276009,271115,232100,158284,118144,39062,1156,5909,13545,17002,13484,13645,9421,4647,4283,3235,0,1,1,3,3,24,80,231,551,746
2021/02/17,99093,179304,219815,318265,276009,271115,232100,158284,118144,39062,1142,5870,13484,16925,13416,13574,9380,4626,4264,3222,0,1,1,3,3,24,80,231,549,739
2021/02/16,99093,179304,219815,318265,276009,271115,232100,158284,118144,39062,1136,5816,13428,16863,13354,13521,9349,4615,4260,3215,0,1,1,3,3,24,80,231,545,738
2021/02/15,99093,179304,219815,318265,276009,271115,232100,158284,118144,39062,1112,5783,13379,16800,13288,13472,9302,4600,4236,3208,0,1,1,3,3,24,79,229,542,731
2021/02/14,99093,179304,219815,318265,276009,271115,232100,158284,118144,39062,1104,5757,13335,16754,13257,13419,9278,4589,4244,3204,0,1,1,3,3,24,79,229,541,730
2021/02/13,99093,179304,219815,318265,276009,271115,232100,158284,118144,39062,1100,5734,13303,16705,13215,13374,9259,4578,4233,3194,0,1,1,3,3,24,78,229,541,724
2021/02/12,99093,179304,219815,318265,276009,271115,232100,158284,118144,39062,1096,5709,13260,16660,13177,13327,9229,4566,4221,3184,0,1,1,3,3,24,78,229,540,722
2021/02/11,99093,179304,219815,318265,276009,271115,232100,158284,118144,39062,1084,5650,13189,16565,13099,13247,9176,4543,4205,3170,0,1,1,3,3,24,78,230,538,719
2021/02/10,99093,179304,219815,318265,276009,271115,232100,158284,118144,39062,1082,5599,13125,16495,13028,13191,9138,4522,4180,3154,0,1,1,3,3,24,78,227,535,714
2021/02/09,99093,179304,219815,318265,276009,271115,232100,158284,118144,39062,1073,5573,13115,16471,12992,13167,9124,4515,4174,3149,0,1,1,3,3,24,78,225,531,712
2021/02/08,99093,179304,219815,318265,276009,271115,232100,158284,118144,39062,1069,5556,13091,16437,12970,13138,9094,4514,4168,3150,0,1,1,3,3,24,78,224,528,705
2021/02/07,99093,179304,219815,318265,276009,271115,232100,158284,118144,39062,1065,5556,13069,16417,12950,13127,9078,4512,4164,3159,0,0,1,3,3,24,76,223,526,697
2021/02/06,99093,179304,219815,318265,276009,271115,232100,158284,118144,39062,1057,5534,13027,16343,12879,13065,9031,4496,4152,3149,0,0,1,3,3,24,75,221,525,695
2021/02/05,99093,179304,219815,318265,276009,271115,232100,158284,118144,39062,1051,5505,12985,16291,12846,13020,9007,4477,4139,3127,0,0,1,3,3,24,74,220,519,693
2021/02/04,99093,179304,219815,318265,276009,271115,232100,158284,118144,39062,1044,5486,12956,16246,12806,12972,8980,4462,4118,3114,0,0,1,3,3,24,74,220,515,691
2021/02/03,99093,179304,219815,318265,276009,271115,232100,158284,118144,39062,1043,5475,12899,16173,12743,12921,8935,4440,4091,3090,0,0,1,3,3,24,73,220,509,685
2021/02/02,99093,179304,219815,318265,276009,271115,232100,158284,118144,39062,1033,5468,12865,16127,12699,12866,8907,4425,4073,3064,0,0,1,3,3,24,73,218,507,673
2021/02/01,99093,179304,219815,318265,276009,271115,232100,158284,118144,39062,1029,5449,12821,16093,12664,12812,8874,4418,4063,3057,0,0,1,3,3,24,73,218,500,666
2021/01/31,99093,179304,219815,318265,276009,271115,232100,158284,118144,39062,1017,5433,12803,16061,12635,12784,8860,4406,4055,3057,0,0,1,3,3,24,73,217,495,657
2021/01/30,99093,179304,219815,318265,276009,271115,232100,158284,118144,39062,1021,5419,12767,16012,12588,12733,8826,4398,4050,3054,0,0,1,3,3,24,73,217,491,656
2021/01/29,99093,179304,219815,318265,276009,271115,232100,158284,118144,39062,1017,5405,12739,15964,12557,12693,8797,4380,4031,3027,0,0,1,3,3,24,73,217,488,654
2021/01/28,99093,179304,219815,318265,276009,271115,232100,158284,118144,39062,1010,5374,12701,15914,12509,12646,8762,4370,4005,3005,0,0,1,3,3,24,73,212,483,646
2021/01/27,99093,179304,219815,318265,276009,271115,232100,158284,118144,39062,1008,5354,12680,15867,12479,12605,8731,4360,3982,2986,0,0,1,3,3,24,73,209,479,635
2021/01/26,99093,179304,219815,318265,276009,271115,232100,158284,118144,39062,1004,5339,12636,15814,12426,12561,8696,4350,3963,2963,0,0,1,3,3,24,73,207,478,630
2021/01/25,99093,179304,219815,318265,276009,271115,232100,158284,118144,39062,1000,5322,12612,15768,12390,12518,8675,4336,3935,2950,0,0,1,3,3,24,70,206,476,627
2021/01/24,99093,179304,219815,318265,276009,271115,232100,158284,118144,39062,997,5321,12604,15743,12377,12490,8671,4330,3929,2952,0,0,1,3,3,24,69,201,473,617
2021/01/23,99093,179304,219815,318265,276009,271115,232100,158284,118144,39062,987,5298,12570,15698,12341,12437,8637,4314,3916,2938,0,0,1,3,3,24,69,201,469,610
2021/01/22,99093,179304,219815,318265,276009,271115,232100,158284,118144,39062,985,5288,12536,15647,12304,12389,8602,4298,3901,2920,0,0,1,3,3,24,69,200,468,604
2021/01/21,99093,179304,219815,318265,276009,271115,232100,158284,118144,39062,981,5278,12494,15597,12270,12338,8570,4280,3880,2886,0,0,1,3,3,24,68,197,461,596
2021/01/20,99093,179304,219815,318265,276009,271115,232100,158284,118144,39062,977,5262,12457,15548,12222,12283,8533,4265,3853,2854,0,0,1,3,3,24,68,196,456,585
2021/01/19,99093,179304,219815,318265,276009,271115,232100,158284,118144,39062,977,5252,12423,15510,12181,12251,8500,4254,3818,2816,0,0,1,3,3,23,68,195,453,583
2021/01/18,99093,179304,219815,318265,276009,271115,232100,158284,118144,39062,973,5239,12404,15471,12146,12216,8480,4237,3805,2804,0,0,1,3,3,23,68,192,448,572
2021/01/17,99093,179304,219815,318265,276009,271115,232100,158284,118144,39062,971,5229,12390,15442,12133,12200,8471,4230,3794,2798,0,0,1,3,3,23,68,189,445,565
2021/01/16,99093,179304,219815,318265,276009,271115,232100,158284,118144,39062,970,5214,12354,15398,12111,12168,8449,4216,3768,2779,0,0,1,3,3,23,67,189,439,559
2021/01/15,99093,179304,219815,318265,276009,271115,232100,158284,118144,39062,969,5202,12324,15343,12070,12109,8405,4200,3750,2757,0,0,1,3,3,23,67,188,438,555
2021/01/14,99093,179304,219815,318265,276009,271115,232100,158284,118144,39062,970,5186,12284,15283,12033,12048,8373,4174,3730,2702,0,0,1,3,3,23,67,186,433,552
2021/01/13,99093,179304,219815,318265,276009,271115,232100,158284,118144,39062,967,5172,12241,15237,11994,12004,8335,4151,3713,2684,0,0,1,3,3,23,65,183,424,540
2021/01/12,99093,179304,219815,318265,276009,271115,232100,158284,118144,39062,963,5153,12195,15167,11943,11949,8283,4124,3659,2631,0,0,1,3,3,23,65,182,421,539
2021/01/11,99093,179304,219815,318265,276009,271115,232100,158284,118144,39062,958,5141,12150,15100,11888,11890,8255,4106,3630,2615,0,0,1,3,3,23,65,180,412,532
2021/01/10,99093,179304,219815,318265,276009,271115,232100,158284,118144,39062,954,5126,12121,15059,11855,11864,8231,4095,3611,2597,0,0,1,3,3,22,63,179,406,524
2021/01/09,99093,179304,219815,318265,276009,271115,232100,158284,118144,39062,950,5112,12082,14986,11807,11814,8199,4072,3590,2579,0,0,1,3,3,22,63,179,404,522
2021/01/08,99093,179304,219815,318265,276009,271115,232100,158284,118144,39062,947,5101,12040,14911,11747,11752,8156,4043,3557,2543,0,0,1,3,3,22,62,179,401,516
2021/01/07,99093,179304,219815,318265,276009,271115,232100,158284,118144,39062,946,5091,11999,14850,11690,11693,8126,4015,3522,2502,0,0,1,3,3,21,61,178,397,512
2021/01/06,99093,179304,219815,318265,276009,271115,232100,158284,118144,39062,942,5071,11963,14794,11635,11642,8083,3986,3492,2473,0,0,1,3,3,21,61,175,391,507
2021/01/05,99093,179304,219815,318265,276009,271115,232100,158284,118144,39062,943,5062,11908,14711,11576,11570,8031,3954,3455,2426,0,0,1,3,3,21,61,175,388,505
2021/01/04,99093,179304,219815,318265,276009,271115,232100,158284,118144,39062,940,5051,11874,14648,11520,11521,7983,3924,3423,2389,0,0,1,3,3,21,61,174,384,499
2021/01/03,99093,179304,219815,318265,276009,271115,232100,158284,118144,39062,939,5045,11852,14607,11493,11499,7963,3914,3413,2385,0,0,1,3,3,21,60,172,384,497
2021/01/02,99093,179304,219815,318265,276009,271115,232100,158284,118144,39062,937,5035,11810,14570,11454,11475,7944,3897,3399,2380,0,0,1,3,3,21,59,169,379,490
2021/01/01,99093,179304,219815,318265,276009,271115,232100,158284,118144,39062,933,5023,11780,14512,11417,11428,7914,3890,3391,2376,0,0,1,3,3,21,58,169,377,485
2020/12/31,99093,179304,219815,318265,276009,271115,232100,158284,118144,39062,932,5005,11729,14448,11373,11371,7886,3867,3368,2363,0,0,1,3,3,21,58,166,376,478
2020/12/30,99093,179304,219815,318265,276009,271115,232100,158284,118144,39062,929,4977,11667,14368,11302,11309,7818,3826,3324,2326,0,0,1,3,3,20,58,166,375,477
2020/12/29,99093,179304,219815,318265,276009,271115,232100,158284,118144,39062,925,4958,11623,14302,11234,11242,7761,3806,3290,2301,0,0,1,3,3,20,58,161,372,467
2020/12/28,99093,179304,219815,318265,276009,271115,232100,158284,118144,39062,922,4949,11594,14246,11179,11182,7718,3779,3245,2252,0,0,1,3,3,19,56,156,357,449
2020/12/27,99093,179304,219815,318265,276009,271115,232100,158284,118144,39062,921,4932,11566,14193,11131,11141,7687,3758,3224,2237,0,0,1,3,3,19,56,156,356,446
2020/12/26,99093,179304,219815,318265,276009,271115,232100,158284,118144,39062,921,4914,11533,14161,11094,11105,7662,3749,3215,2228,0,0,1,3,3,19,56,155,354,443
2020/12/25,99093,179304,219815,318265,276009,271115,232100,158284,118144,39062,915,4897,11493,14121,11050,11074,7640,3735,3204,2222,0,0,1,3,3,19,56,155,353,437
2020/12/24,99093,179304,219815,318265,276009,271115,232100,158284,118144,39062,914,4872,11433,14059,11016,11028,7608,3717,3180,2205,0,0,1,3,3,19,56,155,353,436
2020/12/23,99093,179304,219815,318265,276009,271115,232100,158284,118144,39062,911,4839,11391,14007,10956,10975,7574,3689,3154,2172,0,0,1,3,3,19,56,155,350,433
2020/12/22,99093,179304,219815,318265,276009,271115,232100,158284,118144,39062,909,4811,11353,13950,10889,10903,7519,3658,3113,2124,0,0,1,3,3,19,55,151,341,427
2020/12/21,99093,179304,219815,318265,276009,271115,232100,158284,118144,39062,903,4791,11324,13873,10830,10825,7473,3616,3087,2103,0,0,1,3,3,19,53,149,336,421
2020/12/20,99093,179304,219815,318265,276009,271115,232100,158284,118144,39062,902,4785,11282,13836,10810,10798,7457,3601,3087,2100,0,0,1,3,3,19,51,148,330,407
2020/12/19,99093,179304,219815,318265,276009,271115,232100,158284,118144,39062,899,4763,11252,13790,10760,10759,7428,3582,3068,2085,0,0,1,3,3,18,51,148,330,407
2020/12/18,99093,179304,219815,318265,276009,271115,232100,158284,118144,39062,896,4744,11206,13723,10709,10691,7367,3557,3044,2058,0,0,1,3,3,18,50,146,323,392
2020/12/17,99093,179304,219815,318265,276009,271115,232100,158284,118144,39062,893,4718,11174,13655,10648,10630,7314,3530,2995,2008,0,0,1,3,3,18,48,144,320,386
2020/12/16,99093,179304,219815,318265,276009,271115,232100,158284,118144,39062,890,4680,11118,13574,10578,10547,7258,3498,2966,1982,0,0,1,3,3,18,47,139,315,381
2020/12/15,99093,179304,219815,318265,276009,271115,232100,158284,118144,39062,887,4662,11081,13516,10534,10496,7213,3472,2929,1917,0,0,1,3,3,17,47,135,309,376
2020/12/14,99093,179304,219815,318265,276009,271115,232100,158284,118144,39062,881,4636,11036,13464,10480,10435,7163,3430,2903,1903,0,0,1,3,3,16,46,130,303,365
2020/12/13,99093,179304,219815,318265,276009,271115,232100,158284,118144,39062,879,4623,11002,13421,10447,10398,7130,3409,2884,1891,0,0,1,3,3,16,43,128,295,354
2020/12/12,99093,179304,219815,318265,276009,271115,232100,158284,118144,39062,873,4577,10949,13321,10371,10339,7062,3385,2868,1880,0,0,1,3,3,16,43,128,294,353
2020/12/11,99093,179304,219815,318265,276009,271115,232100,158284,118144,39062,860,4533,10899,13243,10309,10278,7008,3340,2831,1847,0,0,1,3,3,15,42,126,289,351
2020/12/10,99093,179304,219815,318265,276009,271115,232100,158284,118144,39062,855,4517,10848,13170,10218,10191,6949,3309,2768,1775,0,0,1,2,3,15,41,123,286,348
2020/12/09,99093,179304,219815,318265,276009,271115,232100,158284,118144,39062,852,4474,10769,13053,10120,10097,6873,3274,2727,1767,0,0,1,2,2,15,40,121,283,342
2020/12/08,99093,179304,219815,318265,276009,271115,232100,158284,118144,39062,848,4426,10695,12950,10006,9987,6774,3247,2674,1718,2,0,1,2,2,15,36,119,274,326
2020/12/07,99093,179304,219815,318265,276009,271115,232100,158284,118144,39062,841,4399,10649,12889,9944,9922,6727,3224,2644,1702,2,0,1,2,2,15,35,116,272,318
2020/12/06,99093,179304,219815,318265,276009,271115,232100,158284,118144,39062,835,4367,10588,12797,9871,9838,6678,3199,2627,1692,1,0,1,2,2,15,32,112,260,298
2020/12/05,99093,179304,219815,318265,276009,271115,232100,158284,118144,39062,830,4356,10542,12751,9815,9777,6643,3183,2606,1677,1,0,1,2,2,15,32,112,259,297
2020/12/04,99093,179304,219815,318265,276009,271115,232100,158284,118144,39062,816,4325,10496,12677,9739,9696,6584,3154,2561,1650,1,0,1,2,2,15,31,112,259,296
2020/12/03,99093,179304,219815,318265,276009,271115,232100,158284,118144,39062,814,4306,10442,12588,9663,9604,6521,3119,2517,1604,1,0,1,1,2,15,30,109,253,285
2020/12/02,99093,179304,219815,318265,276009,271115,232100,158284,118144,39062,799,4244,10347,12434,9550,9479,6443,3076,2457,1566,0,0,1,1,2,15,28,106,244,261
2020/12/01,99093,179304,219815,318265,276009,271115,232100,158284,118144,39062,793,4226,10301,12363,9478,9391,6391,3036,2402,1512,0,0,0,1,2,15,27,106,242,259
2020/11/30,99093,179304,219815,318265,276009,271115,232100,158284,118144,39062,787,4174,10200,12231,9321,9254,6290,2996,2365,1473,0,0,0,1,2,15,26,104,237,253
2020/11/29,99093,179304,219815,318265,276009,271115,232100,158284,118144,39062,782,4135,10160,12181,9285,9203,6254,2970,2351,1468,0,0,0,1,2,15,26,102,236,248
2020/11/28,99093,179304,219815,318265,276009,271115,232100,158284,118144,39062,778,4100,10076,12093,9177,9126,6186,2942,2320,1438,0,0,0,1,1,15,25,102,231,245
2020/11/27,99093,179304,219815,318265,276009,271115,232100,158284,118144,39062,764,4058,9980,11990,9065,9018,6098,2902,2277,1402,0,0,0,1,1,15,25,102,231,244
2020/11/26,99093,179304,219815,318265,276009,271115,232100,158284,118144,39062,757,4016,9902,11884,8980,8946,6014,2870,2235,1357,0,0,0,1,1,15,25,97,225,236
2020/11/25,99093,179304,219815,318265,276009,271115,232100,158284,118144,39062,747,3957,9810,11732,8848,8828,5897,2816,2191,1324,0,0,0,1,1,15,25,96,215,225
2020/11/24,99093,179304,219815,318265,276009,271115,232100,158284,118144,39062,726,3880,9669,11537,8682,8679,5792,2769,2145,1274,0,0,0,1,1,15,25,96,212,223
2020/11/23,99093,179304,219815,318265,276009,271115,232100,158284,118144,39062,724,3839,9591,11456,8585,8597,5754,2745,2123,1271,0,0,0,1,1,14,24,94,199,213
2020/11/22,99093,179304,219815,318265,276009,271115,232100,158284,118144,39062,711,3786,9518,11359,8502,8503,5699,2703,2095,1248,0,0,0,1,1,14,20,92,192,209
2020/11/21,99093,179304,219815,318265,276009,271115,232100,158284,118144,39062,706,3764,9455,11266,8421,8427,5654,2685,2070,1230,0,0,0,1,1,14,20,92,192,209
2020/11/20,99093,179304,219815,318265,276009,271115,232100,158284,118144,39062,698,3684,9346,11112,8298,8304,5560,2637,2035,1205,0,0,0,1,1,14,19,91,190,205
2020/11/19,99093,179304,219815,318265,276009,271115,232100,158284,118144,39062,685,3611,9171,10847,8124,8103,5422,2579,1989,1174,0,0,0,1,1,13,19,90,187,200
2020/11/18,99093,179304,219815,318265,276009,271115,232100,158284,118144,39062,668,3505,9032,10670,7937,7931,5310,2513,1919,1080,0,0,0,1,1,13,18,88,185,199
2020/11/17,99093,179304,219815,318265,276009,271115,232100,158284,118144,39062,648,3391,8861,10422,7722,7719,5163,2438,1844,1044,0,0,0,1,1,12,18,82,182,195
2020/11/16,99093,179304,219815,318265,276009,271115,232100,158284,118144,39062,625,3342,8787,10301,7594,7592,5063,2409,1811,1037,0,0,0,0,1,12,17,78,175,189
2020/11/15,99093,179304,219815,318265,276009,271115,232100,158284,118144,39062,615,3305,8741,10235,7549,7533,5016,2375,1787,1021,0,0,0,0,1,12,16,76,163,184
2020/11/14,99093,179304,219815,318265,276009,271115,232100,158284,118144,39062,600,3201,8589,10069,7417,7387,4912,2324,1749,994,0,0,0,0,1,12,16,76,163,184
2020/11/13,99093,179304,219815,318265,276009,271115,232100,158284,118144,39062,582,3105,8386,9797,7170,7169,4751,2240,1709,958,0,0,0,0,1,12,16,72,161,181
2020/11/12,99093,179304,219815,318265,276009,271115,232100,158284,118144,39062,561,2993,8122,9449,6891,6869,4558,2139,1632,931,0,0,0,0,1,11,15,69,158,179
2020/11/11,99093,179304,219815,318265,276009,271115,232100,158284,118144,39062,549,2850,7745,8920,6470,6470,4282,2039,1553,893,0,0,0,0,1,11,15,69,156,179
2020/11/10,99093,179304,219815,318265,276009,271115,232100,158284,118144,39062,519,2728,7469,8505,6143,6131,4041,1929,1462,860,0,0,0,0,0,11,14,67,153,174
2020/11/09,99093,179304,219815,318265,276009,271115,232100,158284,118144,39062,507,2696,7395,8350,6052,6018,3954,1890,1431,859,0,0,0,0,0,11,14,66,153,172
2020/11/08,99093,179304,219815,318265,276009,271115,232100,158284,118144,39062,502,2657,7296,8195,5942,5917,3880,1850,1409,848,0,0,0,0,0,10,13,65,144,168
2020/11/07,99093,179304,219815,318265,276009,271115,232100,158284,118144,39062,500,2630,7215,8071,5862,5824,3815,1828,1386,833,0,0,0,0,0,10,13,65,144,168
2020/11/06,99093,179304,219815,318265,276009,271115,232100,158284,118144,39062,491,2569,7036,7829,5682,5669,3709,1768,1353,821,0,0,0,0,0,10,13,65,144,168
2020/11/05,99093,179304,219815,318265,276009,271115,232100,158284,118144,39062,486,2519,6906,7650,5558,5501,3619,1735,1322,805,0,0,0,0,0,10,12,65,139,163
2020/11/04,99093,179304,219815,318265,276009,271115,232100,158284,118144,39062,474,2443,6734,7417,5338,5296,3488,1676,1270,788,0,0,0,0,0,10,12,65,134,160
2020/11/03,99093,179304,219815,318265,276009,271115,232100,158284,118144,39062,465,2400,6584,7219,5166,5141,3391,1617,1223,770,0,0,0,0,0,10,12,64,132,155
2020/11/02,99093,179304,219815,318265,276009,271115,232100,158284,118144,39062,450,2358,6471,7045,5023,5003,3297,1576,1194,759,0,0,0,0,0,10,10,62,128,152
2020/11/01,99239,177468,221238,317071,272126,273392,224512,160036,112529,39880,437,2316,6532,7008,4954,4904,3208,1516,1152,744,0,0,0,0,0,10,10,63,126,149
2020/10/31,99239,177468,221238,317071,272126,273392,224512,160036,112529,39880,428,2265,6390,6815,4834,4753,3117,1472,1132,737,0,0,0,0,0,10,10,62,124,148
2020/10/30,99239,177468,221238,317071,272126,273392,224512,160036,112529,39880,420,2231,6225,6594,4701,4615,3027,1438,1097,712,0,0,0,0,0,10,9,62,124,147
2020/10/29,99239,177468,221238,317071,272126,273392,224512,160036,112529,39880,411,2195,6079,6365,4545,4487,2939,1394,1049,682,0,0,0,0,0,10,9,61,123,145
2020/10/28,99239,177468,221238,317071,272126,273392,224512,160036,112529,39880,402,2151,5940,6191,4414,4351,2844,1346,998,654,0,0,0,0,0,10,8,61,120,141
2020/10/27,99239,177468,221238,317071,272126,273392,224512,160036,112529,39880,394,2105,5760,5991,4271,4193,2748,1303,960,635,0,0,0,0,0,10,8,58,116,133
2020/10/26,99239,177468,221238,317071,272126,273392,224512,160036,112529,39880,392,2078,5668,5882,4208,4108,2698,1281,936,618,0,0,0,0,0,9,8,57,116,130
2020/10/25,99239,177468,221238,317071,272126,273392,224512,160036,112529,39880,384,2051,5607,5803,4146,4064,2655,1260,908,603,0,0,0,0,0,9,8,57,115,130
2020/10/24,99239,177468,221238,317071,272126,273392,224512,160036,112529,39880,378,2012,5500,5664,4051,3975,2591,1229,887,593,0,0,0,0,0,9,8,57,115,130
2020/10/23,99239,177468,221238,317071,272126,273392,224512,160036,112529,39880,372,1960,5349,5513,3953,3875,2521,1205,859,574,0,0,0,0,0,9,8,56,114,130
2020/10/22,99239,177468,221238,317071,272126,273392,224512,160036,112529,39880,365,1902,5190,5317,3824,3732,2430,1168,826,560,0,0,0,0,0,9,8,55,114,126
2020/10/21,99239,177468,221238,317071,272126,273392,224512,160036,112529,39880,356,1874,5055,5164,3725,3635,2353,1140,799,547,0,0,0,0,0,9,8,55,113,116
2020/10/20,99239,177468,221238,317071,272126,273392,224512,160036,112529,39880,351,1835,4939,5023,3611,3527,2268,1109,767,531,0,0,0,0,0,9,8,55,113,115
2020/10/19,99239,177468,221238,317071,272126,273392,224512,160036,112529,39880,343,1800,4855,4942,3527,3454,2220,1084,743,517,0,0,0,0,0,9,8,54,112,114
2020/10/18,99239,177468,221238,317071,272126,273392,224512,160036,112529,39880,341,1782,4819,4916,3492,3417,2207,1064,736,516,0,0,0,0,0,9,8,54,109,113
2020/10/17,99239,177468,221238,317071,272126,273392,224512,160036,112529,39880,337,1764,4767,4857,3448,3367,2165,1055,726,510,0,0,0,0,0,9,8,54,107,112
2020/10/16,99239,177468,221238,317071,272126,273392,224512,160036,112529,39880,326,1695,4668,4774,3377,3286,2109,1029,707,507,0,0,0,0,0,9,8,53,107,112
2020/10/15,99239,177468,221238,317071,272126,273392,224512,160036,112529,39880,315,1657,4582,4687,3318,3216,2063,1004,695,499,0,0,0,0,0,9,8,52,104,110
2020/10/14,99239,177468,221238,317071,272126,273392,224512,160036,112529,39880,309,1610,4498,4609,3258,3150,2007,986,682,493,0,0,0,0,0,9,8,52,103,110
2020/10/13,99239,177468,221238,317071,272126,273392,224512,160036,112529,39880,306,1564,4412,4525,3191,3076,1958,976,672,474,0,0,0,0,0,9,8,52,103,108
2020/10/12,99239,177468,221238,317071,272126,273392,224512,160036,112529,39880,303,1542,4357,4441,3136,3027,1911,954,659,466,0,0,0,0,0,9,8,51,101,108
2020/10/11,99239,177468,221238,317071,272126,273392,224512,160036,112529,39880,300,1517,4331,4420,3116,2995,1894,941,649,464,0,0,0,0,0,9,8,51,101,107
2020/10/10,99239,177468,221238,317071,272126,273392,224512,160036,112529,39880,293,1478,4241,4337,3060,2924,1845,924,640,460,0,0,0,0,0,9,8,50,100,106
2020/10/09,99239,177468,221238,317071,272126,273392,224512,160036,112529,39880,292,1445,4182,4279,3009,2883,1823,905,634,454,0,0,0,0,0,9,8,50,100,106
2020/10/08,99239,177468,221238,317071,272126,273392,224512,160036,112529,39880,288,1379,4094,4174,2916,2794,1776,876,620,451,0,0,0,0,0,8,8,50,99,106
2020/10/07,99239,177468,221238,317071,272126,273392,224512,160036,112529,39880,284,1331,4006,4083,2851,2722,1731,858,599,430,0,0,0,0,0,7,8,50,96,106
